FECHA,PLANTACION,SALDO,SALDO > 3,>3 DIAS,DIA 1,DIA 2,DIA 3,DIA 4,DIA 5,DIA 6,DIA 7
2023-05-01,Palmawasi,0.0,0.0,-,-,-,-,-,-,-,-
2023-05-02,Palmawasi,227.0,21.0,22,158,48,20,4,-,-,-
2023-05-03,Palmawasi,220.0,35.0,36,156,30,24,10,-,-,-
2023-05-04,Palmawasi,239.0,36.0,36,170,34,16,10,10,-,-
2023-05-05,Palmawasi,289.0,21.0,22,238,30,4,6,10,-,-
2023-05-06,Palmawasi,298.0,24.0,24,212,64,22,4,-,-,-
2023-05-07,Palmawasi,0.0,0.0,-,-,-,-,-,-,-,-
2023-05-08,Palmawasi,417.0,13.0,14,340,64,14,-,-,-,-
2023-05-09,Palmawasi,380.0,29.0,30,310,42,30,-,-,-,-
2023-05-10,Palmawasi,386.0,4.0,4,324,60,0,4,-,-,-
2023-05-11,Palmawasi,403.0,16.0,16,324,64,12,4,-,-,-
2023-05-12,Palmawasi,427.0,25.0,26,338,66,18,8,-,-,-
2023-05-13,Palmawasi,353.0,14.0,14,262,78,14,-,-,-,-
2023-05-14,Palmawasi,0.0,0.0,-,-,-,-,-,-,-,-
2023-05-15,Palmawasi,418.0,0.0,-,364,56,-,-,-,-,-
2023-05-16,Palmawasi,446.0,23.0,24,334,90,24,-,-,-,-
2023-05-17,Palmawasi,422.0,58.0,58,274,90,36,24,-,-,-
2023-05-18,Palmawasi,371.0,37.0,38,254,82,10,20,7,-,-
2023-05-19,Palmawasi,368.0,25.0,26,254,90,20,6,-,-,-
2023-05-20,Palmawasi,321.0,20.0,20,246,56,20,0,-,-,-
2023-05-21,Palmawasi,0.0,0.0,-,-,-,-,-,-,-,-
2023-05-22,Palmawasi,285.0,16.0,16,198,72,2,16,0,-,-
2023-05-23,Palmawasi,309.0,33.0,34,236,42,20,0,12,-,-
2023-05-24,Palmawasi,282.0,31.0,32,214,38,16,16,0,0,-
2023-05-25,Palmawasi,379.0,22.0,22,324,34,12,10,0,0,0
2023-05-26,Palmawasi,414.0,27.0,28,316,72,14,4,10,-,-
2023-05-27,Palmawasi,315.0,38.0,38,216,62,28,10,1,-,-
2023-05-28,Palmawasi,0.0,0.0,-,-,-,-,-,-,-,-
2023-05-29,Palmawasi,433.0,27.0,28,352,54,6,18,5,-,-
2023-05-30,Palmawasi,353.0,28.0,28,288,38,10,6,9,6,-
2023-05-31,Palmawasi,217.0,25.0,26,154,38,14,6,3,6,-
2023-06-01,Palmawasi,344.0,34.0,34,296,14,20,10,6,-,-
2023-06-02,Palmawasi,274.0,8.0,8,234,32,4,6,-,-,-
2023-06-03,Palmawasi,0.0,0.0,-,-,-,-,-,-,-,-
2023-06-04,Palmawasi,0.0,0.0,-,-,-,-,-,-,-,-
2023-06-05,Palmawasi,253.0,12.0,12,210,32,12,-,-,-,-
2023-06-06,Palmawasi,291.0,17.0,18,234,42,12,6,-,-,-
2023-06-07,Palmawasi,381.0,2.0,2,326,54,2,-,-,-,-
2023-06-08,Palmawasi,372.0,17.0,18,316,40,16,2,-,-,-
2023-06-09,Palmawasi,265.0,4.0,4,218,44,4,2,-,-,-
2023-06-10,Palmawasi,327.0,12.0,12,278,38,10,4,-,-,-
2023-06-11,Palmawasi,0.0,0.0,-,-,-,-,-,-,-,-
2023-06-12,Palmawasi,479.0,24.0,24,352,104,12,10,3,-,-
2023-06-13,Palmawasi,460.0,0.0,-,380,80,-,-,-,-,-
2023-06-14,Palmawasi,372.0,15.0,16,234,124,16,-,-,-,-
2023-06-15,Palmawasi,397.0,24.0,24,316,58,18,8,-,-,-
2023-06-16,Palmawasi,432.0,32.0,32,286,114,10,18,7,-,-
2023-06-17,Palmawasi,391.0,31.0,32,298,64,22,6,3,-,-
2023-06-18,Palmawasi,0.0,0.0,-,-,-,-,-,-,-,-
2023-06-19,Palmawasi,551.0,22.0,22,436,94,8,10,3,2,-
2023-06-20,Palmawasi,564.0,49.0,50,412,104,38,8,1,2,-
2023-06-21,Palmawasi,461.0,39.0,40,334,90,30,6,1,2,-
2023-06-22,Palmawasi,601.0,34.0,34,460,108,28,6,-,-,-
2023-06-23,Palmawasi,567.0,44.0,44,364,160,44,-,-,-,-
2023-06-24,Palmawasi,540.0,50.0,50,360,132,50,-,-,-,-
2023-06-25,Palmawasi,0.0,0.0,-,-,-,-,-,-,-,-
2023-06-26,Palmawasi,506.0,46.0,46,384,76,42,4,-,-,-
2023-06-27,Palmawasi,592.0,29.0,30,452,110,20,12,-,-,-
2023-06-28,Palmawasi,692.0,33.0,34,484,176,30,4,-,-,-
2023-06-29,Palmawasi,560.0,57.0,58,342,162,38,16,4,-,-
2023-06-30,Palmawasi,618.0,58.0,58,384,176,54,6,-,-,-
2023-07-01,Palmawasi,466.0,34.0,34,302,130,18,14,4,-,-
2023-07-02,Palmawasi,0.0,0.0,-,-,-,-,-,-,-,-
2023-07-03,Palmawasi,572.0,26.0,26,434,114,20,2,4,-,-
2023-07-04,Palmawasi,611.0,42.0,42,438,132,38,4,-,-,-
2023-07-05,Palmawasi,556.0,52.0,52,340,166,46,8,-,-,-
2023-07-06,Palmawasi,555.0,97.0,98,352,106,76,16,7,-,-
2023-07-07,Palmawasi,486.0,93.0,94,300,94,48,34,11,2,-
2023-07-08,Palmawasi,402.0,48.0,48,284,70,26,8,16,-,-
2023-07-09,Palmawasi,0.0,0.0,-,-,-,-,-,-,-,-
2023-07-10,Palmawasi,324.0,17.0,18,244,64,14,4,-,-,-
2023-07-11,Palmawasi,329.0,27.0,28,274,28,24,4,-,-,-
2023-07-12,Palmawasi,286.0,16.0,16,216,56,4,8,4,-,-
2023-07-13,Palmawasi,320.0,21.0,22,266,36,16,4,-,-,-
2023-07-14,Palmawasi,262.0,6.0,6,208,48,6,-,-,-,-
2023-07-15,Palmawasi,0.0,0.0,-,-,-,-,-,-,-,-
2023-07-16,Palmawasi,0.0,0.0,-,-,-,-,-,-,-,-
2023-07-17,Palmawasi,271.0,2.0,2,254,16,2,-,-,-,-
2023-07-18,Palmawasi,347.0,2.0,2,268,78,2,-,-,-,-
2023-07-19,Palmawasi,333.0,19.0,20,262,54,18,2,-,-,-
2023-07-20,Palmawasi,324.0,21.0,22,258,46,20,2,-,-,-
2023-07-21,Palmawasi,335.0,10.0,10,286,40,10,-,-,-,-
2023-07-22,Palmawasi,265.0,7.0,8,218,42,8,-,-,-,-
2023-07-23,Palmawasi,0.0,0.0,-,-,-,-,-,-,-,-
2023-07-24,Palmawasi,370.0,24.0,24,314,34,18,8,-,-,-
2023-07-25,Palmawasi,310.0,0.0,-,274,38,-,-,-,-,-
2023-07-26,Palmawasi,331.0,9.0,10,258,66,10,-,-,-,-
2023-07-27,Palmawasi,246.0,5.0,6,232,10,6,-,-,-,-
2023-07-28,Palmawasi,0.0,0.0,-,-,-,-,-,-,-,-
2023-07-29,Palmawasi,0.0,0.0,-,-,-,-,-,-,-,-
2023-07-30,Palmawasi,0.0,0.0,-,-,-,-,-,-,-,-
2023-07-31,Palmawasi,331.0,3.0,4,290,40,4,-,-,-,-
2023-08-01,Palmawasi,436.0,0.0,-,374,64,-,-,-,-,-
2023-08-02,Palmawasi,354.0,1.0,2,300,54,2,-,-,-,-
2023-08-03,Palmawasi,396.0,4.0,4,332,62,4,-,-,-,-
2023-08-04,Palmawasi,460.0,0.0,0,400,62,0,-,-,-,-
2023-08-05,Palmawasi,310.0,2.0,2,288,22,2,-,-,-,-
2023-08-06,Palmawasi,0.0,0.0,-,-,-,-,-,-,-,-
2023-08-07,Palmawasi,452.0,1.0,2,350,102,0,0,-,-,-
2023-08-08,Palmawasi,466.0,22.0,22,320,126,22,-,-,-,-
2023-08-09,Palmawasi,557.0,67.0,68,422,70,66,2,-,-,-
2023-08-10,Palmawasi,524.0,89.0,90,356,80,24,64,1,-,-
2023-08-11,Palmawasi,618.0,96.0,96,442,80,20,12,64,2,-
2023-08-12,Palmawasi,439.0,21.0,22,354,64,18,4,-,-,-
2023-08-13,Palmawasi,0.0,0.0,-,-,-,-,-,-,-,-
2023-08-14,Palmawasi,444.0,12.0,12,378,56,12,-,-,-,-
2023-08-15,Palmawasi,437.0,6.0,6,402,30,6,-,-,-,-
2023-08-16,Palmawasi,551.0,13.0,14,470,70,14,-,-,-,-
2023-08-17,Palmawasi,585.0,19.0,20,450,118,16,4,-,-,-
2023-08-18,Palmawasi,588.0,41.0,42,466,82,30,12,-,-,-
2023-08-19,Palmawasi,0.0,0.0,-,-,-,-,-,-,-,-
2023-08-20,Palmawasi,230.0,40.0,40,20,172,26,12,3,-,-
2023-08-21,Palmawasi,396.0,74.0,74,310,12,68,6,2,-,-
2023-08-22,Palmawasi,571.0,13.0,14,486,74,14,-,-,-,-
2023-08-23,Palmawasi,786.0,33.0,34,652,102,34,-,-,-,-
2023-08-24,Palmawasi,872.0,47.0,48,664,162,48,-,-,-,-
2023-08-25,Palmawasi,876.0,51.0,52,656,172,50,2,-,-,-
2023-08-26,Palmawasi,981.0,35.0,36,648,298,26,10,-,-,-
2023-08-27,Palmawasi,472.0,121.0,122,16,336,118,6,-,-,-
2023-08-28,Palmawasi,580.0,167.0,168,408,8,150,18,-,-,-
2023-08-29,Palmawasi,767.0,108.0,108,578,82,8,96,6,-,-
2023-08-30,Palmawasi,845.0,99.0,100,540,208,18,84,-,-,-
2023-08-31,Palmawasi,955.0,175.0,176,596,186,122,18,37,-,-
2023-09-01,Palmawasi,192.0,33.0,34,112,48,14,10,8,4,-
2023-09-02,Palmawasi,0.0,0.0,-,-,-,-,-,-,-,-
2023-09-03,Palmawasi,0.0,0.0,-,-,-,-,-,-,-,-
2023-09-04,Palmawasi,367.0,2.0,2,348,18,2,-,-,-,-
2023-09-05,Palmawasi,450.0,1.0,2,394,56,2,-,-,-,-
2023-09-06,Palmawasi,597.0,7.0,8,548,44,8,-,-,-,-
2023-09-07,Palmawasi,741.0,12.0,12,658,72,12,-,-,-,-
2023-09-08,Palmawasi,684.0,29.0,30,536,120,26,2,-,-,-
2023-09-09,Palmawasi,258.0,6.0,6,212,40,6,-,-,-,-
2023-09-10,Palmawasi,0.0,0.0,-,-,-,-,-,-,-,-
2023-09-11,Palmawasi,447.0,0.0,-,426,22,-,-,-,-,-
2023-09-12,Palmawasi,455.0,0.0,-,404,52,-,-,-,-,-
2023-09-13,Palmawasi,452.0,0.0,-,406,46,-,-,-,-,-
2023-09-14,Palmawasi,381.0,1.0,2,334,48,2,-,-,-,-
2023-09-15,Palmawasi,530.0,20.0,20,474,36,20,-,-,-,-
2023-09-16,Palmawasi,386.0,6.0,6,262,120,6,-,-,-,-
2023-09-17,Palmawasi,0.0,0.0,-,-,-,-,-,-,-,-
2023-09-18,Palmawasi,582.0,24.0,24,508,52,24,-,-,-,-
2023-09-19,Palmawasi,687.0,15.0,16,550,124,12,6,-,-,-
2023-09-20,Palmawasi,882.0,80.0,80,664,138,74,6,-,-,-
2023-09-21,Palmawasi,1032.0,72.0,72,716,246,60,12,-,-,-
2023-09-22,Palmawasi,1159.0,84.0,84,818,258,80,4,-,-,-
2023-09-23,Palmawasi,395.0,36.0,36,278,82,28,10,-,-,-
2023-09-24,Palmawasi,0.0,0.0,-,-,-,-,-,-,-,-
2023-09-25,Palmawasi,613.0,17.0,18,548,50,12,6,-,-,-
2023-09-26,Palmawasi,539.0,14.0,14,448,78,14,-,-,-,-
2023-09-27,Palmawasi,638.0,25.0,26,512,102,26,-,-,-,-
2023-09-28,Palmawasi,841.0,54.0,54,660,128,44,12,-,-,-
2023-09-29,Palmawasi,201.0,17.0,18,168,16,14,4,-,-,-
2023-09-30,Palmawasi,0.0,0.0,-,-,-,-,-,-,-,-
2023-10-01,Palmawasi,0.0,0.0,-,-,-,-,-,-,-,-
2023-10-02,Palmawasi,325.0,0.0,-,316,8,-,-,-,-,-
2023-10-03,Palmawasi,260.0,2.0,2,246,12,2,-,-,-,-
2023-10-04,Palmawasi,392.0,2.0,2,358,34,2,-,-,-,-
2023-10-05,Palmawasi,584.0,10.0,10,494,82,10,-,-,-,-
2023-10-06,Palmawasi,716.0,1.0,2,550,166,2,-,-,-,-
2023-10-07,Palmawasi,0.0,0.0,-,-,-,-,-,-,-,-
2023-10-08,Palmawasi,321.0,38.0,38,26,258,30,10,-,-,-
2023-10-09,Palmawasi,487.0,13.0,14,450,26,4,10,-,-,-
2023-10-10,Palmawasi,713.0,14.0,14,600,100,14,-,-,-,-
2023-10-11,Palmawasi,741.0,17.0,18,620,106,18,-,-,-,-
2023-10-12,Palmawasi,1075.0,69.0,70,836,170,60,10,-,-,-
2023-10-13,Palmawasi,1116.0,72.0,72,828,218,72,2,-,-,-
2023-10-14,Palmawasi,605.0,113.0,114,362,132,82,32,-,-,-
2023-10-15,Palmawasi,0.0,0.0,-,-,-,-,-,-,-,-
2023-10-16,Palmawasi,1058.0,50.0,50,942,66,34,10,6,-,-
2023-10-17,Palmawasi,1107.0,40.0,40,686,382,36,6,-,-,-
2023-10-18,Palmawasi,1339.0,152.0,152,832,358,138,14,-,-,-
2023-10-19,Palmawasi,1466.0,229.0,230,828,410,188,42,-,-,-
2023-10-20,Palmawasi,1699.0,193.0,194,1004,502,142,38,14,-,-
2023-10-21,Palmawasi,747.0,84.0,84,318,346,84,-,-,-,-
2023-10-22,Palmawasi,0.0,0.0,-,-,-,-,-,-,-,-
2023-10-23,Palmawasi,955.0,115.0,116,702,140,108,8,-,-,-
2023-10-24,Palmawasi,1066.0,46.0,46,784,236,32,16,-,-,-
2023-10-25,Palmawasi,952.0,92.0,92,650,212,84,6,4,-,-
2023-10-26,Palmawasi,968.0,59.0,60,670,238,58,2,-,-,-
2023-10-27,Palmawasi,1036.0,45.0,46,730,264,46,-,-,-,-
2023-10-28,Palmawasi,216.0,11.0,12,160,46,12,-,-,-,-
2023-10-29,Palmawasi,0.0,0.0,-,-,-,-,-,-,-,-
2023-10-30,Palmawasi,439.0,11.0,12,390,40,2,10,-,-,-
2023-10-31,Palmawasi,407.0,8.0,8,348,52,6,2,2,-,-
2023-11-01,Palmawasi,562.0,21.0,22,484,58,22,-,-,-,-
2023-11-02,Palmawasi,652.0,38.0,38,488,126,18,20,-,-,-
2023-11-03,Palmawasi,0.0,0.0,-,-,-,-,-,-,-,-
2023-11-04,Palmawasi,563.0,238.0,238,16,310,206,34,-,-,-
2023-11-05,Palmawasi,0.0,0.0,-,-,-,-,-,-,-,-
2023-11-06,Palmawasi,565.0,9.0,10,508,48,10,-,-,-,-
2023-11-07,Palmawasi,596.0,3.0,4,470,124,4,-,-,-,-
2023-11-08,Palmawasi,567.0,10.0,10,446,112,10,-,-,-,-
2023-11-09,Palmawasi,502.0,4.0,4,436,62,4,-,-,-,-
2023-11-10,Palmawasi,440.0,1.0,2,400,40,2,-,-,-,-
2023-11-11,Palmawasi,270.0,16.0,16,236,18,16,-,-,-,-
2023-11-12,Palmawasi,0.0,0.0,-,-,-,-,-,-,-,-
2023-11-13,Palmawasi,399.0,1.0,2,374,24,2,-,-,-,-
2023-11-14,Palmawasi,430.0,1.0,2,336,94,2,-,-,-,-
2023-11-15,Palmawasi,450.0,6.0,6,410,36,6,-,-,-,-
2023-11-16,Palmawasi,614.0,2.0,2,558,56,2,-,-,-,-
2023-11-17,Palmawasi,591.0,10.0,10,478,104,10,-,-,-,-
2023-11-18,Palmawasi,0.0,0.0,-,-,-,-,-,-,-,-
2023-11-19,Palmawasi,154.0,17.0,18,20,118,18,-,-,-,-
2023-11-20,Palmawasi,370.0,5.0,6,346,20,6,-,-,-,-
2023-11-21,Palmawasi,456.0,5.0,6,410,40,2,4,-,-,-
2023-11-22,Palmawasi,589.0,11.0,12,516,64,12,-,-,-,-
2023-11-23,Palmawasi,435.0,0.0,-,356,80,-,-,-,-,-
2023-11-24,Palmawasi,625.0,7.0,8,560,60,8,-,-,-,-
2023-11-25,Palmawasi,399.0,0.0,-,304,96,-,-,-,-,-
2023-11-26,Palmawasi,0.0,0.0,-,-,-,-,-,-,-,-
2023-11-27,Palmawasi,602.0,5.0,6,570,28,6,-,-,-,-
2023-11-28,Palmawasi,542.0,1.0,2,462,80,2,-,-,-,-
2023-11-29,Palmawasi,651.0,28.0,28,570,54,28,-,-,-,-
2023-11-30,Palmawasi,711.0,12.0,12,602,100,12,-,-,-,-
2023-12-01,Palmawasi,0.0,0.0,-,-,-,-,-,-,-,-
2023-12-02,Palmawasi,410.0,98.0,98,56,256,60,38,1,-,-
2023-12-03,Palmawasi,0.0,0.0,-,-,-,-,-,-,-,-
2023-12-04,Palmawasi,460.0,15.0,16,414,30,10,6,-,-,-
2023-12-05,Palmawasi,483.0,0.0,-,426,58,-,-,-,-,-
2023-12-06,Palmawasi,478.0,7.0,8,408,64,8,-,-,-,-
2023-12-07,Palmawasi,498.0,2.0,2,442,56,2,2,-,-,-
2023-12-08,Palmawasi,0.0,0.0,-,-,-,-,-,-,-,-
2023-12-09,Palmawasi,123.0,28.0,28,28,68,28,-,-,-,-
2023-12-10,Palmawasi,0.0,0.0,-,-,-,-,-,-,-,-
2023-12-11,Palmawasi,0.0,0.0,-,-,-,-,-,-,-,-
2023-12-12,Palmawasi,453.0,9.0,10,414,32,10,-,-,-,-
2023-12-13,Palmawasi,418.0,18.0,18,352,50,8,10,-,-,-
2023-12-14,Palmawasi,464.0,1.0,2,400,64,2,-,-,-,-
2023-12-15,Palmawasi,524.0,26.0,26,376,122,26,-,-,-,-
2023-12-16,Palmawasi,269.0,3.0,4,222,46,0,2,-,-,-
2023-12-17,Palmawasi,0.0,0.0,-,-,-,-,-,-,-,-
2023-12-18,Palmawasi,431.0,8.0,8,394,30,8,0,-,-,-
2023-12-19,Palmawasi,438.0,37.0,38,362,40,30,8,0,-,-
2023-12-20,Palmawasi,289.0,16.0,16,246,28,2,8,8,-,-
2023-12-21,Palmawasi,312.0,8.0,8,260,44,2,8,-,-,-
2023-12-22,Palmawasi,418.0,22.0,22,336,60,22,2,-,-,-
2023-12-23,Palmawasi,175.0,0.0,-,166,10,-,-,-,-,-
2023-12-24,Palmawasi,0.0,0.0,-,-,-,-,-,-,-,-
2023-12-25,Palmawasi,0.0,0.0,-,-,-,-,-,-,-,-
2023-12-26,Palmawasi,356.0,0.0,-,332,26,-,-,-,-,-
2023-12-27,Palmawasi,321.0,16.0,16,250,56,16,-,-,-,-
2023-12-28,Palmawasi,398.0,27.0,28,364,8,22,6,-,-,-
2023-12-29,Palmawasi,383.0,12.0,12,344,28,2,10,-,-,-
2023-12-30,Palmawasi,207.0,0.0,-,192,16,-,-,-,-,-
2023-12-31,Palmawasi,0.0,0.0,-,-,-,-,-,-,-,-
2024-01-01,Palmawasi,0.0,0.0,-,-,-,-,-,-,-,-
2024-01-02,Palmawasi,302.39,31.88,32,270,0,0,30,2,-,-
2024-01-03,Palmawasi,378.03,0.0,0,364,14,-,-,-,-,-
2024-01-04,Palmawasi,365.91,10.07,10,324,32,10,-,-,-,-
2024-01-05,Palmawasi,523.99,25.12,26,462,38,16,10,-,-,-
2024-01-06,Palmawasi,408.87,39.21,40,290,80,14,16,10,-,-
2024-01-07,Palmawasi,0.0,0.0,-,-,-,-,-,-,-,-
2024-01-08,Palmawasi,616.54,120.34,120,496,0,76,18,1,16,10
2024-01-09,Palmawasi,709.18,22.75,22,594,92,0,18,4,0,2
2024-01-10,Palmawasi,706.2,62.11,62,558,86,46,0,15,0,2
2024-01-11,Palmawasi,642.36,28.58,28,544,70,8,18,0,0,2
2024-01-12,Palmawasi,674.23,37.5,38,544,92,30,0,6,0,2
2024-01-13,Palmawasi,0.0,0.0,-,-,-,-,-,-,-,-
2024-01-14,Palmawasi,453.37,81.79,82,18,354,66,16,-,-,-
2024-01-15,Palmawasi,567.16,64.21,64,502,0,46,8,10,-,-
2024-01-16,Palmawasi,540.52,13.07,14,434,92,0,10,3,-,-
2024-01-17,Palmawasi,661.53,16.0,16,572,72,12,0,0,4,-
2024-01-18,Palmawasi,674.66,38.4,38,488,148,28,10,-,-,-
2024-01-19,Palmawasi,720.69,135.6,136,476,110,104,20,11,-,-
2024-01-20,Palmawasi,458.77,142.85,142,238,78,62,60,12,10,-
2024-01-21,Palmawasi,0.0,0.0,-,-,-,-,-,-,-,-
2024-01-22,Palmawasi,483.41,108.18,108,376,0,44,36,13,6,8
2024-01-23,Palmawasi,430.52,54.67,54,334,42,26,12,5,6,6
2024-01-24,Palmawasi,505.3,23.0,24,404,78,2,10,11,-,-
2024-01-25,Palmawasi,434.77,1.45,2,386,46,2,-,-,-,-
2024-01-26,Palmawasi,340.5,7.29,8,304,28,8,-,-,-,-
2024-01-27,Palmawasi,230.81,0.0,0,208,22,-,-,-,-,-
2024-01-28,Palmawasi,0.0,0.0,-,-,-,-,-,-,-,-
2024-01-29,Palmawasi,418.95,32.71,32,386,0,32,-,-,-,-
2024-01-30,Palmawasi,444.71,13.45,14,372,60,0,14,-,-,-
2024-01-31,Palmawasi,545.3,23.63,24,442,78,24,-,-,-,-
2024-02-01,Palmawasi,437.03,7.92,8,310,120,8,0,-,-,-
2024-02-02,Palmawasi,378.6,25.23,26,302,50,22,4,-,-,-
2024-02-03,Palmawasi,195.96,7.33,8,140,48,0,8,-,-,-
2024-02-04,Palmawasi,0.0,0.0,-,-,-,-,-,-,-,-
2024-02-05,Palmawasi,0.0,0.0,-,-,-,-,-,-,-,-
2024-02-06,Palmawasi,335.25,7.81,8,314,12,0,8,1,-,-
2024-02-07,Palmawasi,419.13,13.17,14,362,44,6,0,7,0,-
2024-02-08,Palmawasi,407.45,13.47,14,310,84,12,0,0,0,0
2024-02-09,Palmawasi,466.19,14.81,14,412,38,4,10,-,-,-
2024-02-10,Palmawasi,343.48,11.18,12,214,118,10,0,0,-,-
2024-02-11,Palmawasi,0.0,0.0,-,-,-,-,-,-,-,-
2024-02-12,Palmawasi,416.28,53.51,54,362,0,30,16,7,-,-
2024-02-13,Palmawasi,472.55,16.62,16,342,114,0,8,9,-,-
2024-02-14,Palmawasi,549.06,36.91,36,380,132,32,0,6,-,-
2024-02-15,Palmawasi,586.44,20.13,20,454,114,6,10,0,4,-
2024-02-16,Palmawasi,562.8,32.14,32,424,106,28,0,0,0,4
2024-02-17,Palmawasi,481.47,34.62,34,258,190,26,8,-,-,-
2024-02-18,Palmawasi,0.0,0.0,-,-,-,-,-,-,-,-
2024-02-19,Palmawasi,577.54,152.88,152,424,0,108,34,12,-,-
2024-02-20,Palmawasi,562.95,36.61,36,430,96,0,22,3,12,-
2024-02-21,Palmawasi,558.4,28.75,28,442,86,26,0,0,0,2
2024-02-22,Palmawasi,477.29,45.8,46,354,78,30,16,-,-,-
2024-02-23,Palmawasi,483.25,24.46,24,420,38,20,2,2,-,-
2024-02-24,Palmawasi,285.26,8.27,8,234,44,2,2,1,2,-
2024-02-25,Palmawasi,0.0,0.0,-,-,-,-,-,-,-,-
2024-02-26,Palmawasi,358.78,27.7,28,332,0,22,2,3,-,-
2024-02-27,Palmawasi,382.37,1.89,2,326,56,0,2,-,-,-
2024-02-28,Palmawasi,401.98,5.2,6,346,52,6,-,-,-,-
2024-02-29,Palmawasi,317.51,0.0,0,286,32,-,-,-,-,-
2024-03-01,Palmawasi,446.59,4.84,4,382,60,4,-,-,-,-
2024-03-02,Palmawasi,335.53,6.84,6,242,88,6,-,-,-,-
2024-03-03,Palmawasi,0.0,0.0,-,-,-,-,-,-,-,-
2024-03-04,Palmawasi,424.48,56.01,56,368,0,40,16,-,-,-
2024-03-05,Palmawasi,423.08,21.87,22,336,66,0,12,10,-,-
2024-03-06,Palmawasi,554.71,32.5,32,430,92,22,0,5,6,-
2024-03-07,Palmawasi,656.7,55.96,56,450,152,42,14,0,0,-
2024-03-08,Palmawasi,667.74,31.45,32,496,140,12,14,5,0,0
2024-03-09,Palmawasi,427.8,70.97,70,242,116,60,8,3,-,-
2024-03-10,Palmawasi,0.0,0.0,-,-,-,-,-,-,-,-
2024-03-11,Palmawasi,491.18,101.12,102,390,0,86,12,2,-,-
2024-03-12,Palmawasi,524.87,10.03,10,410,104,-,4,5,-,-
2024-03-13,Palmawasi,506.92,2.07,2,410,92,2,-,-,-,-
2024-03-14,Palmawasi,450.68,33.76,34,350,66,34,-,-,-,-
2024-03-15,Palmawasi,483.31,20.38,20,380,84,10,10,-,-,-
2024-03-16,Palmawasi,328.12,15.49,16,224,88,2,10,4,0,0
2024-03-17,Palmawasi,0.0,0.0,-,-,-,-,-,-,-,-
2024-03-18,Palmawasi,343.61,45.95,46,298,0,46,-,-,-,-
2024-03-19,Palmawasi,309.59,21.71,22,268,20,0,22,-,-,-
2024-03-20,Palmawasi,350.22,3.86,4,326,20,4,-,-,-,-
2024-03-21,Palmawasi,395.75,9.09,10,358,30,10,-,-,-,-
2024-03-22,Palmawasi,406.02,6.63,6,338,60,6,-,-,-,-
2024-03-23,Palmawasi,318.54,13.79,14,242,62,10,2,-,-,-
2024-03-24,Palmawasi,0.0,0.0,-,-,-,-,-,-,-,-
2024-03-25,Palmawasi,402.59,84.05,84,328,0,60,24,0,0,0
2024-03-26,Palmawasi,471.23,13.47,14,400,58,0,4,9,0,0
2024-03-27,Palmawasi,467.53,17.45,18,376,74,18,0,0,0,0
2024-03-28,Palmawasi,0.0,0.0,-,-,-,-,-,-,-,-
2024-03-29,Palmawasi,0.0,0.0,-,-,-,-,-,-,-,-
2024-03-30,Palmawasi,298.99,298.99,298,0,0,238,50,11,0,0
2024-03-31,Palmawasi,0.0,0.0,-,-,-,-,-,-,-,-
2024-04-01,Palmawasi,338.3,18.38,18,320,-,-,-,17,2,-
2024-04-02,Palmawasi,397.8,8.74,8,334,54,-,-,-,8,-
2024-04-03,Palmawasi,534.64,10.63,10,414,110,10,-,-,-,-
2024-04-04,Palmawasi,618.19,20.52,20,498,100,20,-,-,-,-
2024-04-05,Palmawasi,610.77,14.55,14,422,174,14,0,-,-,-
2024-04-06,Palmawasi,387.87,12.38,12,266,110,10,2,-,-,-
2024-04-07,Palmawasi,0.0,0.0,-,-,-,-,-,-,-,-
2024-04-08,Palmawasi,492.53,68.66,68,424,0,56,10,3,-,-
2024-04-09,Palmawasi,513.32,15.53,16,414,84,0,16,0,0,0
2024-04-10,Palmawasi,551.72,11.66,12,448,92,12,0,0,0,0
2024-04-11,Palmawasi,560.68,5.8,6,434,120,6,0,0,0,0
2024-04-12,Palmawasi,494.31,16.2,16,314,164,16,0,0,0,0
2024-04-13,Palmawasi,432.07,32.54,32,290,110,32,2,0,0,0
2024-04-14,Palmawasi,0.0,0.0,-,-,-,-,-,-,-,-
2024-04-15,Palmawasi,471.76,86.21,86,386,0,54,32,0,0,0
2024-04-16,Palmawasi,387.47,20.84,20,286,82,0,16,5,0,0
2024-04-17,Palmawasi,469.41,16.73,16,412,40,16,-,1,-,-
2024-04-18,Palmawasi,459.05,21.11,22,272,166,10,10,-,-,-
2024-04-19,Palmawasi,439.35,29.39,30,338,72,28,2,-,-,-
2024-04-20,Palmawasi,244.98,18.99,18,166,60,16,4,-,-,-
2024-04-21,Palmawasi,0.0,0.0,0,-,0,-,-,-,-,-
2024-04-22,Palmawasi,352.58,58.05,58,294,0,38,14,4,4,-
2024-04-23,Palmawasi,0.0,0.0,0,-,-,-,-,-,-,-
2024-04-24,Palmawasi,237.94,6.21,6,212,20,6,-,-,-,-
2024-04-25,Palmawasi,253.02,2.86,2,218,32,0,2,-,-,-
2024-04-26,Palmawasi,245.74,10.16,10,192,42,10,-,-,-,-
2024-04-27,Palmawasi,0.0,0.0,0,-,-,-,-,-,-,-
2024-04-28,Palmawasi,0.0,0.0,0,-,-,-,-,-,-,-
2024-04-29,Palmawasi,227.89,34.77,34,194,0,16,8,9,-,-
2024-04-30,Palmawasi,271.69,5.3,6,260,6,0,6,-,-,-
2024-05-02,Palmawasi,365.04,33.62,34,332,0,34,-,-,-,-
2024-05-03,Palmawasi,280.88,6.33,6,252,22,0,6,-,-,-
2024-05-04,Palmawasi,133.04,0.0,0,114,20,0,-,-,-,-
2024-05-05,Palmawasi,0.0,0.0,0,-,-,-,-,-,-,-
2024-05-06,Palmawasi,392.43,41.75,42,350,0,32,10,-,-,-
2024-05-07,Palmawasi,525.67,8.84,8,434,84,0,8,0,0,0
2024-05-08,Palmawasi,568.01,31.83,32,422,114,24,0,9,0,0
2024-05-09,Palmawasi,561.72,32.42,32,384,144,20,10,0,2,0
2024-05-10,Palmawasi,447.92,2.64,2,338,106,0,2,0,0,2
2024-05-11,Palmawasi,328.57,27.92,28,222,78,26,0,0,0,2
2024-05-12,Palmawasi,0.0,0.0,-,-,-,-,-,-,-,-
2024-05-13,Palmawasi,322.89,31.01,32,292,0,14,8,10,-,-
2024-05-14,Palmawasi,392.73,0.0,0,342,52,-,-,-,-,-
2024-05-15,Palmawasi,378.72,8.71,8,320,50,8,-,-,-,-
2024-05-16,Palmawasi,367.06,14.7,14,296,56,14,2,-,-,-
2024-05-17,Palmawasi,385.74,25.88,26,290,70,16,8,1,-,-
2024-05-18,Palmawasi,262.47,6.12,6,218,38,6,-,-,-,-
2024-05-19,Palmawasi,0.0,0.0,0,-,-,-,-,-,-,-
2024-05-20,Palmawasi,331.99,67.21,68,264,0,64,2,-,-,-
2024-05-21,Palmawasi,396.49,0.0,0,332,64,-,-,-,-,-
2024-05-22,Palmawasi,331.05,1.66,2,270,60,2,-,-,-,-
2024-05-23,Palmawasi,342.3,12.78,12,290,40,12,-,-,-,-
2024-05-24,Palmawasi,328.47,2.24,2,276,52,2,-,-,-,-
2024-05-25,Palmawasi,220.35,1.01,2,160,60,2,-,-,-,-
2024-05-26,Palmawasi,0.0,0.0,0,-,-,-,-,-,-,-
2024-05-27,Palmawasi,0.0,0.0,0,-,-,-,-,-,-,-
2024-05-28,Palmawasi,328.03,21.78,22,280,26,0,10,11,-,-
2024-05-29,Palmawasi,400.44,8.69,8,304,86,8,0,1,-,-
2024-05-30,Palmawasi,382.88,19.09,20,322,42,18,2,-,-,-
2024-05-31,Palmawasi,293.83,3.68,4,268,22,4,-,-,-,-
2024-06-01,Palmawasi,206.37,4.99,4,162,40,4,-,-,-,-
2024-06-02,Palmawasi,0.0,0.0,-,-,-,-,-,-,-,-
2024-06-03,Palmawasi,378.37,51.72,52,326,0,18,30,4,-,-
2024-06-04,Palmawasi,419.8,13.7,14,310,98,0,6,6,0,-
2024-06-05,Palmawasi,277.73,26.05,26,204,48,12,0,6,6,0
2024-06-06,Palmawasi,246.58,16.51,16,208,22,8,2,6,-,-
2024-06-07,Palmawasi,114.56,1.43,2,102,12,2,-,-,-,-
2024-06-08,Palmawasi,0.0,0.0,-,-,-,-,-,-,-,-
2024-06-09,Palmawasi,0.0,0.0,-,-,-,-,-,-,-,-
2024-06-10,Palmawasi,219.27,34.86,34,184,0,0,32,1,2,-
2024-06-11,Palmawasi,317.48,17.48,18,256,44,0,0,15,0,2
2024-06-12,Palmawasi,291.26,13.01,14,242,38,8,0,0,4,-
2024-06-13,Palmawasi,324.41,32.87,32,254,38,30,2,-,-,-
2024-06-14,Palmawasi,287.25,0.0,0,262,26,-,-,-,-,-
2024-06-15,Palmawasi,0.0,0.0,-,-,-,-,-,-,-,-
2024-06-16,Palmawasi,207.55,53.7,54,0,154,46,8,-,-,-
2024-06-17,Palmawasi,296.56,44.33,44,252,0,22,16,8,-,-
2024-06-18,Palmawasi,337.26,9.68,10,292,34,0,2,9,-,-
2024-06-19,Palmawasi,296.42,0.18,0,280,16,0,-,-,-,-
2022-01-01,Shanuzi,591.0,7.0,8,516,68,8,-,-,-,-
2022-01-02,Shanuzi,0.0,0.0,0,-,-,-,-,-,-,-
2022-01-03,Shanuzi,382.0,382.0,382,-,-,344,38,-,-,-
2022-01-04,Shanuzi,36.0,38.0,38,268,-,-,28,-,12,-
2022-01-05,Shanuzi,247.0,7.0,8,228,12,-,-,-,-,8
2022-01-06,Shanuzi,21.0,0.0,0,26,6,-,-,-,-,-
2022-01-07,Shanuzi,0.0,0.0,0,-,-,-,-,-,-,-
2022-01-08,Shanuzi,0.0,0.0,0,-,-,-,-,-,-,-
2022-01-09,Shanuzi,0.0,0.0,0,-,-,-,-,-,-,-
2022-01-10,Shanuzi,22.0,22.0,22,-,-,22,2,-,-,-
2022-01-11,Shanuzi,0.0,0.0,0,-,-,-,-,-,-,-
2022-01-12,Shanuzi,1.0,0.0,0,2,-,-,-,-,-,-
2022-01-13,Shanuzi,63.0,0.0,0,64,-,-,-,-,-,-
2022-01-14,Shanuzi,6.0,0.0,0,60,2,-,-,-,-,-
2022-01-15,Shanuzi,0.0,0.0,0,-,-,-,-,-,-,-
2022-01-16,Shanuzi,0.0,0.0,0,-,-,-,-,-,-,-
2022-01-17,Shanuzi,137.0,1.0,2,-,136,2,-,-,-,-
2022-01-18,Shanuzi,234.0,23.0,24,212,-,24,-,-,-,-
2022-01-19,Shanuzi,42.0,0.0,0,362,42,-,-,-,-,-
2022-01-20,Shanuzi,334.0,0.0,0,332,4,-,-,-,-,-
2022-01-21,Shanuzi,351.0,0.0,0,328,24,-,-,-,-,-
2022-01-22,Shanuzi,0.0,0.0,0,-,-,-,-,-,-,-
2022-01-23,Shanuzi,0.0,0.0,0,-,-,-,-,-,-,-
2022-01-24,Shanuzi,39.0,67.0,68,-,242,54,14,-,-,-
2022-01-25,Shanuzi,211.0,5.0,6,26,-,4,2,-,-,-
2022-01-26,Shanuzi,237.0,0.0,0,212,26,-,-,-,-,-
2022-01-27,Shanuzi,482.0,0.0,0,380,14,-,-,-,-,-
2022-01-28,Shanuzi,385.0,9.0,10,284,94,10,-,-,-,-
2022-01-29,Shanuzi,0.0,0.0,0,-,-,-,-,-,-,-
2022-01-30,Shanuzi,0.0,0.0,0,-,-,-,-,-,-,-
2022-01-31,Shanuzi,198.0,54.0,54,66,80,48,2,4,-,-
2022-02-01,Shanuzi,215.0,3.0,4,28,6,-,4,-,-,-
2022-02-02,Shanuzi,266.0,14.0,14,236,18,8,6,-,-,-
2022-02-03,Shanuzi,428.0,14.0,14,400,16,8,6,-,-,-
2022-02-04,Shanuzi,444.0,12.0,12,48,22,8,6,-,-,-
2022-02-05,Shanuzi,36.0,2.0,2,34,54,2,-,-,-,-
2022-02-06,Shanuzi,221.0,8.0,8,176,38,8,-,-,-,-
2022-02-07,Shanuzi,113.0,83.0,84,2,22,84,-,-,-,-
2022-02-08,Shanuzi,8.0,0.0,0,-,8,-,-,-,-,-
2022-02-09,Shanuzi,196.0,0.0,0,194,2,-,-,-,-,-
2022-02-10,Shanuzi,376.0,0.0,0,366,2,-,-,-,-,-
2022-02-11,Shanuzi,419.0,6.0,6,346,68,6,-,-,-,-
2022-02-12,Shanuzi,451.0,9.0,10,376,66,10,-,-,-,-
2022-02-13,Shanuzi,372.0,0.0,0,276,96,-,-,-,-,-
2022-02-14,Shanuzi,216.0,0.0,0,148,70,-,-,-,-,-
2022-02-15,Shanuzi,417.0,0.0,0,376,42,-,-,-,-,-
2022-02-16,Shanuzi,473.0,7.0,8,40,76,8,-,-,-,-
2022-02-17,Shanuzi,574.0,0.0,0,54,72,-,-,-,-,-
2022-02-18,Shanuzi,51.0,1.0,2,442,58,2,-,-,-,-
2022-02-19,Shanuzi,599.0,29.0,30,454,116,30,-,-,-,-
2022-02-20,Shanuzi,0.0,0.0,0,-,-,-,-,-,-,-
2022-02-21,Shanuzi,0.0,0.0,0,-,-,-,-,-,-,-
2022-02-22,Shanuzi,159.0,5.0,6,154,-,6,-,-,-,-
2022-02-23,Shanuzi,47.0,0.0,0,4,18,-,-,-,-,-
2022-02-24,Shanuzi,86.0,4.0,4,82,2,4,-,-,-,-
2022-02-25,Shanuzi,165.0,8.0,8,134,24,4,6,-,-,-
2022-02-26,Shanuzi,22.0,2.0,2,138,54,2,2,-,-,-
2022-02-27,Shanuzi,0.0,0.0,0,-,-,-,-,-,-,-
2022-02-28,Shanuzi,42.0,0.0,0,-,42,-,-,-,-,-
2022-03-01,Shanuzi,196.0,7.0,8,190,-,8,-,-,-,-
2022-03-02,Shanuzi,68.0,0.0,0,60,10,-,-,-,-,-
2022-03-03,Shanuzi,17.0,5.0,6,154,12,6,-,-,-,-
2022-03-04,Shanuzi,155.0,9.0,10,132,14,6,4,-,-,-
2022-03-05,Shanuzi,0.0,0.0,0,-,-,-,-,-,-,-
2022-03-06,Shanuzi,0.0,0.0,0,-,-,-,-,-,-,-
2022-03-09,Shanuzi,0.0,0.0,0,-,-,-,-,-,-,-
2022-03-10,Shanuzi,132.0,0.0,0,132,-,-,-,-,-,-
2022-03-11,Shanuzi,257.0,0.0,0,214,44,-,-,-,-,-
2022-03-12,Shanuzi,0.0,0.0,0,-,-,-,-,-,-,-
2022-03-13,Shanuzi,0.0,0.0,0,-,-,-,-,-,-,-
2022-03-14,Shanuzi,15.0,3.0,4,-,12,2,2,-,-,-
2022-03-15,Shanuzi,51.0,0.0,0,52,-,-,-,-,-,-
2022-03-16,Shanuzi,74.0,0.0,0,74,-,-,-,-,-,-
2022-03-17,Shanuzi,15.0,0.0,0,16,-,-,-,-,-,-
2022-03-18,Shanuzi,9.0,0.0,0,86,6,-,-,-,-,-
2022-03-19,Shanuzi,72.0,0.0,0,70,4,-,-,-,-,-
2022-03-20,Shanuzi,0.0,0.0,0,-,-,-,-,-,-,-
2022-03-21,Shanuzi,12.0,6.0,6,94,22,6,-,-,-,-
2022-03-22,Shanuzi,158.0,5.0,6,148,6,-,6,-,-,-
2022-03-23,Shanuzi,194.0,0.0,0,160,36,-,-,-,-,-
2022-03-24,Shanuzi,261.0,0.0,0,240,22,-,-,-,-,-
2022-03-25,Shanuzi,216.0,0.0,0,176,4,-,-,-,-,-
2022-03-26,Shanuzi,0.0,0.0,0,-,-,-,-,-,-,-
2022-03-27,Shanuzi,0.0,0.0,0,-,-,-,-,-,-,-
2022-03-28,Shanuzi,185.0,15.0,16,128,44,10,6,-,-,-
2022-03-29,Shanuzi,116.0,1.0,2,96,2,2,-,-,-,-
2022-03-30,Shanuzi,77.0,0.0,0,76,2,-,-,-,-,-
2022-03-31,Shanuzi,13.0,1.0,2,92,12,2,-,-,-,-
2022-04-01,Shanuzi,157.0,0.0,0,138,20,-,-,-,-,-
2022-04-02,Shanuzi,117.0,0.0,0,118,-,-,-,-,-,-
2022-04-03,Shanuzi,84.0,0.0,0,84,-,-,-,-,-,-
2022-04-04,Shanuzi,52.0,0.0,0,46,6,-,-,-,-,-
2022-04-05,Shanuzi,0.0,0.0,0,-,-,-,-,-,-,-
2022-04-06,Shanuzi,51.0,0.0,0,52,-,-,-,-,-,-
2022-04-07,Shanuzi,19.0,0.0,0,20,-,-,-,-,-,-
2022-04-08,Shanuzi,117.0,0.0,0,118,-,-,-,-,-,-
2022-04-09,Shanuzi,138.0,0.0,0,138,-,-,-,-,-,-
2022-04-10,Shanuzi,0.0,0.0,0,-,-,-,-,-,-,-
2022-04-11,Shanuzi,226.0,26.0,26,68,134,26,-,-,-,-
2022-04-12,Shanuzi,299.0,47.0,48,252,-,42,6,-,-,-
2022-04-13,Shanuzi,275.0,0.0,0,248,28,-,-,-,-,-
2022-04-14,Shanuzi,0.0,0.0,0,-,-,-,-,-,-,-
2022-04-15,Shanuzi,0.0,0.0,0,-,-,-,-,-,-,-
2022-04-16,Shanuzi,0.0,0.0,0,-,-,-,-,-,-,-
2022-04-17,Shanuzi,0.0,0.0,0,-,-,-,-,-,-,-
2022-04-18,Shanuzi,12.0,0.0,0,12,-,-,-,-,-,-
2022-04-19,Shanuzi,178.0,0.0,0,164,16,-,-,-,-,-
2022-04-20,Shanuzi,142.0,0.0,0,118,24,-,-,-,-,-
2022-04-21,Shanuzi,221.0,5.0,6,18,36,6,-,-,-,-
2022-04-22,Shanuzi,0.0,0.0,0,-,-,-,-,-,-,-
2022-04-23,Shanuzi,0.0,0.0,0,-,-,-,-,-,-,-
2022-04-24,Shanuzi,0.0,0.0,0,-,-,-,-,-,-,-
2022-04-25,Shanuzi,166.0,1.0,2,84,74,2,-,-,-,-
2022-04-26,Shanuzi,26.0,31.0,32,218,12,32,-,-,-,-
2022-04-27,Shanuzi,349.0,0.0,0,280,8,-,-,-,-,-
2022-04-28,Shanuzi,318.0,9.0,10,264,46,10,-,-,-,-
2022-04-29,Shanuzi,34.0,7.0,8,22,96,8,-,-,-,-
2022-04-30,Shanuzi,277.0,7.0,8,188,84,8,-,-,-,-
2022-05-01,Shanuzi,28.0,4.0,4,16,54,4,-,-,-,-
2022-05-02,Shanuzi,121.0,7.0,8,114,-,6,2,-,-,-
2022-05-03,Shanuzi,77.0,0.0,0,68,10,-,-,-,-,-
2022-05-04,Shanuzi,134.0,0.0,0,134,2,-,-,-,-,-
2022-05-05,Shanuzi,195.0,0.0,0,192,2,-,-,-,-,-
2022-05-06,Shanuzi,195.0,0.0,0,192,2,-,-,-,-,-
2022-05-07,Shanuzi,22.0,0.0,0,2,2,-,-,-,-,-
2022-05-08,Shanuzi,99.0,0.0,0,100,-,-,-,-,-,-
2022-05-09,Shanuzi,75.0,54.0,54,-,22,36,12,7,-,-
2022-05-10,Shanuzi,16.0,0.0,0,16,-,-,-,-,-,-
2022-05-11,Shanuzi,17.0,0.0,0,18,-,-,-,-,-,-
2022-05-12,Shanuzi,55.0,0.0,0,52,4,-,-,-,-,-
2022-05-13,Shanuzi,82.0,0.0,0,68,16,-,-,-,-,-
2022-05-14,Shanuzi,9.0,0.0,0,10,-,-,-,-,-,-
2022-05-15,Shanuzi,89.0,0.0,0,90,-,-,-,-,-,-
2022-05-16,Shanuzi,95.0,24.0,24,6,66,24,-,-,-,-
2022-05-17,Shanuzi,78.0,4.0,4,74,-,4,-,-,-,-
2022-05-18,Shanuzi,92.0,0.0,0,92,2,-,-,-,-,-
2022-05-19,Shanuzi,113.0,0.0,0,112,2,-,-,-,-,-
2022-05-20,Shanuzi,157.0,0.0,0,158,-,-,-,-,-,-
2022-05-21,Shanuzi,12.0,0.0,0,12,-,-,-,-,-,-
2022-05-22,Shanuzi,79.0,0.0,0,80,-,-,-,-,-,-
2022-05-23,Shanuzi,6.0,23.0,24,-,38,22,2,-,-,-
2022-05-24,Shanuzi,84.0,9.0,10,76,-,2,8,-,-,-
2022-05-25,Shanuzi,48.0,0.0,0,44,6,-,-,-,-,-
2022-05-26,Shanuzi,36.0,2.0,2,34,2,2,-,-,-,-
2022-05-27,Shanuzi,62.0,0.0,0,62,-,-,-,-,-,-
2022-05-28,Shanuzi,8.0,0.0,0,8,-,-,-,-,-,-
2022-05-29,Shanuzi,37.0,0.0,0,38,-,-,-,-,-,-
2022-05-30,Shanuzi,0.0,0.0,0,-,-,-,-,-,-,-
2022-05-31,Shanuzi,46.0,0.0,0,46,-,-,-,-,-,-
2022-06-01,Shanuzi,51.0,0.0,0,52,-,-,-,-,-,-
2022-06-02,Shanuzi,16.0,0.0,0,16,-,-,-,-,-,-
2022-06-03,Shanuzi,47.0,0.0,0,48,-,-,-,-,-,-
2022-06-04,Shanuzi,0.0,0.0,0,-,-,-,-,-,-,-
2022-06-05,Shanuzi,0.0,0.0,0,-,-,-,-,-,-,-
2022-06-06,Shanuzi,0.0,0.0,0,-,-,-,-,-,-,-
2022-06-07,Shanuzi,0.0,0.0,0,-,-,-,-,-,-,-
2022-06-08,Shanuzi,3.0,0.0,0,4,-,-,-,-,-,-
2022-06-09,Shanuzi,43.0,0.0,0,44,-,-,-,-,-,-
2022-06-10,Shanuzi,97.0,0.0,0,98,-,-,-,-,-,-
2022-06-11,Shanuzi,54.0,0.0,0,54,-,-,-,-,-,-
2022-06-12,Shanuzi,4.0,0.0,0,4,-,-,-,-,-,-
2022-06-13,Shanuzi,11.0,1.0,2,-,2,-,2,-,-,-
2022-06-14,Shanuzi,51.0,1.0,2,6,-,2,-,-,-,-
2022-06-15,Shanuzi,64.0,0.0,0,64,-,-,-,-,-,-
2022-06-16,Shanuzi,127.0,0.0,0,124,4,-,-,-,-,-
2022-06-17,Shanuzi,121.0,0.0,0,114,8,-,-,-,-,-
2022-06-18,Shanuzi,219.0,0.0,0,220,-,-,-,-,-,-
2022-06-19,Shanuzi,28.0,0.0,0,28,-,-,-,-,-,-
2022-06-20,Shanuzi,28.0,88.0,88,-,192,76,12,-,-,-
2022-06-21,Shanuzi,263.0,48.0,48,216,-,48,-,-,-,-
2022-06-22,Shanuzi,322.0,0.0,0,286,38,-,-,-,-,-
2022-06-23,Shanuzi,325.0,0.0,0,296,30,-,-,-,-,-
2022-06-24,Shanuzi,286.0,6.0,6,234,46,6,-,-,-,-
2022-06-25,Shanuzi,246.0,0.0,0,246,-,-,-,-,-,-
2022-06-26,Shanuzi,214.0,0.0,0,214,-,-,-,-,-,-
2022-06-27,Shanuzi,21.0,44.0,44,-,166,42,4,-,-,-
2022-06-28,Shanuzi,154.0,0.0,0,154,-,-,-,-,-,-
2022-06-29,Shanuzi,124.0,0.0,0,116,10,-,-,-,-,-
2022-06-30,Shanuzi,44.0,2.0,2,38,6,-,2,-,-,-
2022-07-01,Shanuzi,51.0,0.0,0,52,-,-,-,-,-,-
2022-07-02,Shanuzi,14.0,0.0,0,14,-,-,-,-,-,-
2022-07-03,Shanuzi,6.0,0.0,0,-,6,-,-,-,-,-
2022-07-04,Shanuzi,6.0,6.0,6,-,-,6,-,-,-,-
2022-07-05,Shanuzi,6.0,6.0,6,-,-,-,6,-,-,-
2022-07-06,Shanuzi,15.0,0.0,0,16,-,-,-,-,-,-
2022-07-07,Shanuzi,18.0,0.0,0,18,-,-,-,-,-,-
2022-07-08,Shanuzi,29.0,0.0,0,30,-,-,-,-,-,-
2022-07-09,Shanuzi,44.0,0.0,0,44,-,-,-,-,-,-
2022-07-10,Shanuzi,42.0,0.0,0,42,-,-,-,-,-,-
2022-07-11,Shanuzi,21.0,0.0,0,-,22,-,-,-,-,-
2022-07-12,Shanuzi,52.0,0.0,0,52,-,-,-,-,-,-
2022-07-13,Shanuzi,51.0,0.0,0,52,-,-,-,-,-,-
2022-07-14,Shanuzi,158.0,0.0,0,156,2,-,-,-,-,-
2022-07-15,Shanuzi,77.0,0.0,0,76,2,-,-,-,-,-
2022-07-16,Shanuzi,22.0,0.0,0,22,-,-,-,-,-,-
2022-07-17,Shanuzi,0.0,0.0,0,-,-,-,-,-,-,-
2022-07-18,Shanuzi,0.0,0.0,0,-,-,-,-,-,-,-
2022-07-19,Shanuzi,46.0,0.0,0,46,-,-,-,-,-,-
2022-07-20,Shanuzi,36.0,0.0,0,36,-,-,-,-,-,-
2022-07-21,Shanuzi,81.0,0.0,0,82,-,-,-,-,-,-
2022-07-22,Shanuzi,71.0,0.0,0,72,-,-,-,-,-,-
2022-07-23,Shanuzi,78.0,0.0,0,78,-,-,-,-,-,-
2022-07-24,Shanuzi,2.0,0.0,0,2,-,-,-,-,-,-
2022-07-25,Shanuzi,185.0,9.0,10,-,122,6,4,-,-,-
2022-07-26,Shanuzi,166.0,17.0,18,150,-,18,-,-,-,-
2022-07-27,Shanuzi,228.0,0.0,0,26,24,-,-,-,-,-
2022-07-28,Shanuzi,261.0,0.0,0,252,2,-,-,-,-,-
2022-07-29,Shanuzi,326.0,1.0,2,258,68,2,-,-,-,-
2022-07-30,Shanuzi,358.0,12.0,12,278,68,12,-,-,-,-
2022-07-31,Shanuzi,45.0,7.0,8,26,138,8,-,-,-,-
2022-08-01,Shanuzi,143.0,0.0,0,112,32,-,-,-,-,-
2022-08-02,Shanuzi,229.0,11.0,12,218,-,12,-,-,-,-
2022-08-03,Shanuzi,178.0,0.0,0,178,-,-,-,-,-,-
2022-08-04,Shanuzi,263.0,15.0,16,234,16,16,-,-,-,-
2022-08-05,Shanuzi,395.0,15.0,16,366,16,16,-,-,-,-
2022-08-06,Shanuzi,24.0,0.0,0,24,-,-,-,-,-,-
2022-08-07,Shanuzi,9.0,0.0,0,10,-,-,-,-,-,-
2022-08-08,Shanuzi,24.0,204.0,204,-,-,142,62,2,-,-
2022-08-09,Shanuzi,35.0,35.0,36,-,-,-,36,-,-,-
2022-08-10,Shanuzi,13.0,0.0,0,14,-,-,-,-,-,-
2022-08-11,Shanuzi,155.0,0.0,0,156,-,-,-,-,-,-
2022-08-12,Shanuzi,227.0,0.0,0,22,26,-,-,-,-,-
2022-08-13,Shanuzi,191.0,0.0,0,192,-,-,-,-,-,-
2022-08-14,Shanuzi,263.0,0.0,0,264,-,-,-,-,-,-
2022-08-15,Shanuzi,225.0,22.0,22,124,8,8,14,-,-,-
2022-08-16,Shanuzi,353.0,22.0,22,314,18,22,2,-,-,-
2022-08-17,Shanuzi,514.0,3.0,4,438,74,4,-,-,-,-
2022-08-18,Shanuzi,65.0,7.0,8,474,124,8,-,-,-,-
2022-08-19,Shanuzi,72.0,23.0,24,498,182,24,-,-,-,-
2022-08-20,Shanuzi,86.0,96.0,96,526,184,96,-,-,-,-
2022-08-21,Shanuzi,973.0,113.0,114,648,214,78,36,-,-,-
2022-08-22,Shanuzi,69.0,121.0,122,26,364,122,-,-,-,-
2022-08-23,Shanuzi,797.0,60.0,60,62,118,40,22,-,-,-
2022-08-24,Shanuzi,765.0,8.0,8,590,168,-,8,-,-,-
2022-08-25,Shanuzi,826.0,23.0,24,656,148,24,-,-,-,-
2022-08-26,Shanuzi,81.0,68.0,68,578,156,56,12,-,-,-
2022-08-27,Shanuzi,829.0,62.0,62,518,250,48,16,-,-,-
2022-08-28,Shanuzi,0.0,0.0,0,-,-,-,-,-,-,-
2022-08-29,Shanuzi,89.0,383.0,384,72,356,342,42,-,-,-
2022-08-30,Shanuzi,873.0,89.0,90,566,40,30,52,8,-,-
2022-08-31,Shanuzi,734.0,49.0,50,54,156,-,40,3,8,-
2022-09-01,Shanuzi,61.0,56.0,56,396,160,48,-,9,-,-
2022-09-02,Shanuzi,774.0,45.0,46,412,238,10,36,-,-,-
2022-09-03,Shanuzi,5.0,0.0,0,42,10,-,-,-,-,-
2022-09-04,Shanuzi,192.0,84.0,84,-,18,32,52,-,-,-
2022-09-05,Shanuzi,331.0,151.0,152,-,-,18,122,11,-,-
2022-09-06,Shanuzi,52.0,31.0,32,22,-,-,-,17,14,-
2022-09-07,Shanuzi,78.0,0.0,0,78,-,-,-,-,-,-
2022-09-08,Shanuzi,12.0,0.0,0,12,-,-,-,-,-,-
2022-09-09,Shanuzi,15.0,0.0,0,16,-,-,-,-,-,-
2022-09-10,Shanuzi,136.0,0.0,0,114,24,-,-,-,-,-
2022-09-11,Shanuzi,242.0,42.0,42,126,76,42,-,-,-,-
2022-09-12,Shanuzi,95.0,15.0,16,76,6,16,-,-,-,-
2022-09-13,Shanuzi,152.0,0.0,0,152,-,-,-,-,-,-
2022-09-14,Shanuzi,273.0,0.0,0,274,-,-,-,-,-,-
2022-09-15,Shanuzi,27.0,0.0,0,246,26,-,-,-,-,-
2022-09-16,Shanuzi,253.0,12.0,12,224,18,12,-,-,-,-
2022-09-17,Shanuzi,241.0,0.0,0,222,20,-,-,-,-,-
2022-09-18,Shanuzi,437.0,12.0,12,244,182,12,-,-,-,-
2022-09-19,Shanuzi,289.0,16.0,16,162,112,16,-,-,-,-
2022-09-20,Shanuzi,493.0,3.0,4,4,10,4,-,-,-,-
2022-09-21,Shanuzi,494.0,7.0,8,396,92,8,-,-,-,-
2022-09-22,Shanuzi,443.0,37.0,38,280,128,34,-,4,-,-
2022-09-23,Shanuzi,477.0,2.0,2,42,56,2,-,-,-,-
2022-09-24,Shanuzi,437.0,0.0,0,392,46,-,-,-,-,-
2022-09-25,Shanuzi,0.0,0.0,0,-,-,-,-,-,-,-
2022-09-26,Shanuzi,245.0,20.0,20,82,144,20,2,-,-,-
2022-09-27,Shanuzi,296.0,17.0,18,280,-,18,-,-,-,-
2022-09-28,Shanuzi,252.0,0.0,0,196,58,-,-,-,-,-
2022-09-29,Shanuzi,285.0,0.0,0,274,12,-,-,-,-,-
2022-09-30,Shanuzi,246.0,0.0,0,238,8,-,-,-,-,-
2022-10-01,Shanuzi,43.0,0.0,0,44,-,-,-,-,-,-
2022-10-02,Shanuzi,0.0,0.0,0,-,-,-,-,-,-,-
2022-10-03,Shanuzi,11.0,11.0,12,34,58,12,-,-,-,-
2022-10-04,Shanuzi,141.0,0.0,0,142,-,-,-,-,-,-
2022-10-05,Shanuzi,273.0,0.0,0,274,-,-,-,-,-,-
2022-10-06,Shanuzi,381.0,0.0,0,336,46,-,-,-,-,-
2022-10-07,Shanuzi,547.0,0.0,0,514,34,-,-,-,-,-
2022-10-08,Shanuzi,35.0,0.0,0,36,-,-,-,-,-,-
2022-10-09,Shanuzi,0.0,0.0,0,-,-,-,-,-,-,-
2022-10-10,Shanuzi,0.0,0.0,0,-,-,-,-,-,-,-
2022-10-11,Shanuzi,28.0,0.0,0,28,-,-,-,-,-,-
2022-10-12,Shanuzi,16.0,0.0,0,16,-,-,-,-,-,-
2022-10-13,Shanuzi,15.0,0.0,0,16,-,-,-,-,-,-
2022-10-14,Shanuzi,221.0,0.0,0,196,26,-,-,-,-,-
2022-10-15,Shanuzi,273.0,0.0,0,24,70,-,-,-,-,-
2022-10-16,Shanuzi,26.0,0.0,0,26,-,-,-,-,-,-
2022-10-17,Shanuzi,29.0,64.0,64,48,98,64,-,-,-,-
2022-10-18,Shanuzi,179.0,0.0,0,176,4,-,-,-,-,-
2022-10-19,Shanuzi,256.0,0.0,0,256,-,-,-,-,-,-
2022-10-20,Shanuzi,335.0,0.0,0,32,34,-,-,-,-,-
2022-10-21,Shanuzi,56.0,0.0,0,444,116,-,-,-,-,-
2022-10-22,Shanuzi,149.0,0.0,0,928,122,-,-,-,-,-
2022-10-23,Shanuzi,1544.0,0.0,0,1544,-,-,-,-,-,-
2022-10-24,Shanuzi,161.0,422.0,422,-,54,412,12,-,-,-
2022-10-25,Shanuzi,1446.0,407.0,408,680,-,44,320,45,-,-
2022-10-26,Shanuzi,1268.0,297.0,298,342,54,-,250,14,34,-
2022-10-27,Shanuzi,72.0,313.0,314,232,68,276,-,13,22,4
2022-10-28,Shanuzi,75.0,71.0,72,512,16,2,70,-,-,-
2022-10-29,Shanuzi,711.0,0.0,0,712,-,-,-,-,-,-
2022-10-30,Shanuzi,625.0,0.0,0,626,-,-,-,-,-,-
2022-10-31,Shanuzi,472.0,57.0,58,2,216,24,34,-,-,-
2022-11-01,Shanuzi,589.0,17.0,18,566,6,18,-,-,-,-
2022-11-02,Shanuzi,114.0,23.0,24,758,234,6,18,-,-,-
2022-11-03,Shanuzi,1295.0,41.0,42,156,198,42,-,-,-,-
2022-11-04,Shanuzi,1413.0,164.0,164,636,614,124,42,-,-,-
2022-11-05,Shanuzi,121.0,239.0,240,530,442,186,54,-,-,-
2022-11-06,Shanuzi,687.0,597.0,598,-,-,296,288,13,-,-
2022-11-07,Shanuzi,629.0,629.0,630,-,-,290,246,89,6,-
2022-11-08,Shanuzi,299.0,237.0,238,62,-,-,126,74,38,-
2022-11-09,Shanuzi,295.0,26.0,26,22,68,-,-,-,12,14
2022-11-10,Shanuzi,441.0,0.0,0,396,46,-,-,-,-,-
2022-11-11,Shanuzi,472.0,0.0,0,430,44,-,-,-,-,-
2022-11-12,Shanuzi,498.0,9.0,10,452,38,10,-,-,-,-
2022-11-13,Shanuzi,0.0,0.0,0,-,-,-,-,-,-,-
2022-11-14,Shanuzi,742.0,127.0,128,126,490,128,-,-,-,-
2022-11-15,Shanuzi,69.0,43.0,44,418,60,12,32,-,-,-
2022-11-16,Shanuzi,484.0,14.0,14,322,150,14,-,-,-,-
2022-11-17,Shanuzi,436.0,0.0,0,326,12,-,-,-,-,-
2022-11-18,Shanuzi,394.0,0.0,0,284,12,-,-,-,-,-
2022-11-19,Shanuzi,525.0,0.0,0,388,138,-,-,-,-,-
2022-11-20,Shanuzi,559.0,0.0,0,42,158,-,-,-,-,-
2022-11-21,Shanuzi,52.0,168.0,168,122,24,162,6,-,-,-
2022-11-22,Shanuzi,524.0,140.0,140,324,62,134,6,-,-,-
2022-11-23,Shanuzi,449.0,11.0,12,344,96,-,12,-,-,-
2022-11-24,Shanuzi,556.0,0.0,0,516,42,-,-,-,-,-
2022-11-25,Shanuzi,68.0,0.0,0,582,100,-,-,-,-,-
2022-11-26,Shanuzi,126.0,0.0,0,778,250,-,-,-,-,-
2022-11-27,Shanuzi,1257.0,0.0,0,94,328,-,-,-,-,-
2022-11-28,Shanuzi,17.0,0.0,0,774,298,-,-,-,-,-
2022-11-29,Shanuzi,182.0,523.0,524,52,58,300,198,26,-,-
2022-11-30,Shanuzi,1171.0,175.0,176,538,414,48,116,5,8,-
2022-12-01,Shanuzi,116.0,68.0,68,664,42,68,2,-,-,-
2022-12-02,Shanuzi,1125.0,71.0,72,8,254,60,12,-,-,-
2022-12-03,Shanuzi,981.0,935.0,936,-,46,166,294,477,-,-
2022-12-04,Shanuzi,777.0,777.0,778,-,-,6,26,288,458,-
2022-12-05,Shanuzi,78.0,780.0,780,-,-,-,20,227,534,-
2022-12-06,Shanuzi,586.0,226.0,226,-,-,-,-,26,156,46
2022-12-07,Shanuzi,382.0,181.0,182,22,-,-,-,64,118,-
2022-12-08,Shanuzi,413.0,0.0,0,298,116,-,-,-,-,-
2022-12-09,Shanuzi,228.0,0.0,0,14,98,-,-,-,-,-
2022-12-10,Shanuzi,436.0,14.0,14,36,118,14,-,-,-,-
2022-12-11,Shanuzi,593.0,14.0,14,46,174,14,-,-,-,-
2022-12-12,Shanuzi,958.0,100.0,100,538,322,58,26,12,6,-
2022-12-13,Shanuzi,1236.0,48.0,48,744,436,38,2,9,-,-
2022-12-14,Shanuzi,1517.0,40.0,40,854,48,16,6,19,-,-
2022-12-15,Shanuzi,1614.0,109.0,110,784,678,86,6,19,-,-
2022-12-16,Shanuzi,1519.0,68.0,68,874,578,56,12,-,-,-
2022-12-17,Shanuzi,152.0,76.0,76,948,478,76,-,-,-,-
2022-12-18,Shanuzi,1468.0,88.0,88,82,56,88,-,-,-,-
2022-12-19,Shanuzi,596.0,183.0,184,-,414,156,28,-,-,-
2022-12-20,Shanuzi,61.0,140.0,140,276,194,118,24,-,-,-
2022-12-21,Shanuzi,135.0,48.0,48,862,126,48,-,-,-,-
2022-12-22,Shanuzi,1565.0,143.0,144,816,598,96,46,1,-,-
2022-12-23,Shanuzi,1711.0,121.0,122,918,674,86,36,-,-,-
2022-12-24,Shanuzi,21.0,266.0,266,934,82,266,-,-,-,-
2022-12-25,Shanuzi,2577.0,463.0,464,1236,880,246,218,-,-,-
2022-12-26,Shanuzi,2125.0,1385.0,1386,-,74,798,298,234,56,-
2022-12-27,Shanuzi,187.0,1025.0,1026,846,-,572,384,48,22,-
2022-12-28,Shanuzi,212.0,341.0,342,992,680,-,196,145,-,-
2022-12-29,Shanuzi,297.0,630.0,630,824,644,400,-,134,98,-
2022-12-30,Shanuzi,1546.0,85.0,86,482,422,42,22,-,16,8
2022-12-31,Shanuzi,658.0,388.0,388,78,194,174,188,26,-,-
2023-01-01,Shanuzi,47.0,21.0,22,32,76,22,-,-,-,-
2023-01-02,Shanuzi,47.0,97.0,98,-,32,76,22,-,-,-
2023-01-03,Shanuzi,218.0,130.0,130,88,-,-,18,55,28,32
2023-01-04,Shanuzi,161.0,1.0,2,152,-,-,-,-,2,-
2023-01-05,Shanuzi,167.0,0.0,0,168,-,-,-,-,-,-
2023-01-06,Shanuzi,216.0,0.0,0,200,18,-,-,-,-,-
2023-01-07,Shanuzi,384.0,0.0,0,328,56,-,-,-,-,-
2023-01-08,Shanuzi,446.0,38.0,38,368,42,38,-,-,-,-
2023-01-09,Shanuzi,286.0,16.0,16,-,172,12,6,-,-,-
2023-01-10,Shanuzi,327.0,13.0,14,314,-,14,-,-,-,-
2023-01-11,Shanuzi,393.0,0.0,0,40,4,-,-,-,-,-
2023-01-12,Shanuzi,344.0,0.0,0,298,48,-,-,-,-,-
2023-01-13,Shanuzi,34.0,7.0,8,268,4,8,-,-,-,-
2023-01-14,Shanuzi,367.0,16.0,16,22,16,16,-,-,-,-
2023-01-15,Shanuzi,25.0,44.0,44,86,76,44,-,-,-,-
2023-01-16,Shanuzi,17.0,0.0,0,76,32,-,-,-,-,-
2023-01-17,Shanuzi,4.0,0.0,0,32,8,-,-,-,-,-
2023-01-18,Shanuzi,63.0,0.0,0,64,-,-,-,-,-,-
2023-01-19,Shanuzi,184.0,0.0,0,182,2,-,-,-,-,-
2023-01-20,Shanuzi,424.0,0.0,0,358,66,-,-,-,-,-
2023-01-21,Shanuzi,257.0,29.0,30,2,128,30,-,-,-,-
2023-01-22,Shanuzi,256.0,65.0,66,146,46,66,-,-,-,-
2023-01-23,Shanuzi,276.0,17.0,18,14,156,8,10,-,-,-
2023-01-24,Shanuzi,379.0,16.0,16,318,46,8,-,9,-,-
2023-01-25,Shanuzi,385.0,6.0,6,340,4,6,-,-,-,-
2023-01-26,Shanuzi,444.0,6.0,6,398,42,2,4,-,-,-
2023-01-27,Shanuzi,56.0,4.0,4,512,46,-,-,4,-,-
2023-01-28,Shanuzi,829.0,15.0,16,712,12,16,-,-,-,-
2023-01-29,Shanuzi,667.0,91.0,92,122,456,86,6,-,-,-
2023-01-30,Shanuzi,468.0,245.0,246,28,196,212,34,-,-,-
2023-01-31,Shanuzi,315.0,75.0,76,24,-,16,42,17,-,-
2023-02-01,Shanuzi,25.0,0.0,0,230,22,-,-,-,-,-
2023-02-02,Shanuzi,145.0,0.0,0,144,2,-,-,-,-,-
2023-02-03,Shanuzi,27.0,0.0,0,200,8,-,-,-,-,-
2023-02-04,Shanuzi,125.0,0.0,0,126,-,-,-,-,-,-
2023-02-05,Shanuzi,49.0,6.0,6,36,8,6,-,-,-,-
2023-02-06,Shanuzi,49.0,6.0,6,36,8,6,-,-,-,-
2023-02-07,Shanuzi,2.0,2.0,2,-,-,-,2,-,-,-
2023-02-08,Shanuzi,1.0,0.0,0,2,-,-,-,-,-,-
2023-02-09,Shanuzi,176.0,0.0,0,174,4,-,-,-,-,-
2023-02-10,Shanuzi,141.0,0.0,0,14,12,-,-,-,-,-
2023-02-11,Shanuzi,135.0,0.0,0,2,36,-,-,-,-,-
2023-02-12,Shanuzi,191.0,0.0,0,124,68,-,-,-,-,-
2023-02-13,Shanuzi,79.0,1.0,2,-,70,2,-,-,-,-
2023-02-14,Shanuzi,131.0,0.0,0,132,-,-,-,-,-,-
2023-02-15,Shanuzi,222.0,0.0,0,218,4,-,-,-,-,-
2023-02-16,Shanuzi,283.0,0.0,0,284,-,-,-,-,-,-
2023-02-17,Shanuzi,281.0,0.0,0,28,2,-,-,-,-,-
2023-02-18,Shanuzi,0.0,0.0,0,-,-,-,-,-,-,-
2023-02-19,Shanuzi,0.0,0.0,0,-,-,-,-,-,-,-
2023-02-20,Shanuzi,279.0,27.0,28,-,252,22,6,-,-,-
2023-02-21,Shanuzi,412.0,128.0,128,284,-,128,-,-,-,-
2023-02-22,Shanuzi,519.0,24.0,24,398,98,-,24,-,-,-
2023-02-23,Shanuzi,77.0,39.0,40,64,128,40,-,-,-,-
2023-02-24,Shanuzi,826.0,36.0,36,56,24,36,-,-,-,-
2023-02-25,Shanuzi,963.0,36.0,36,56,368,36,-,-,-,-
2023-02-26,Shanuzi,657.0,226.0,226,56,376,180,48,-,-,-
2023-02-27,Shanuzi,482.0,471.0,472,-,12,294,114,63,-,-
2023-02-28,Shanuzi,522.0,255.0,256,268,-,-,160,69,28,-
2023-03-01,Shanuzi,494.0,27.0,28,326,142,-,-,18,6,4
2023-03-02,Shanuzi,383.0,37.0,38,252,96,38,-,-,-,-
2023-03-03,Shanuzi,438.0,46.0,46,256,138,46,-,-,-,-
2023-03-04,Shanuzi,947.0,209.0,210,456,284,156,54,-,-,-
2023-03-05,Shanuzi,523.0,236.0,236,-,288,188,50,-,-,-
2023-03-06,Shanuzi,523.0,521.0,522,-,2,176,314,31,-,-
2023-03-07,Shanuzi,472.0,388.0,388,84,-,2,212,168,6,-
2023-03-08,Shanuzi,443.0,195.0,196,190,60,-,-,152,44,-
2023-03-09,Shanuzi,425.0,54.0,54,30,82,30,-,-,24,2
2023-03-10,Shanuzi,588.0,35.0,36,372,182,36,-,-,-,-
2023-03-11,Shanuzi,67.0,233.0,234,264,174,234,-,-,-,-
2023-03-12,Shanuzi,638.0,125.0,126,190,324,76,50,-,-,-
2023-03-13,Shanuzi,55.0,291.0,292,-,260,120,134,38,-,-
2023-03-14,Shanuzi,481.0,189.0,190,292,-,134,48,7,-,-
2023-03-15,Shanuzi,476.0,35.0,36,296,146,-,36,-,-,-
2023-03-16,Shanuzi,529.0,25.0,26,354,16,22,-,4,-,-
2023-03-17,Shanuzi,456.0,0.0,0,346,12,-,-,-,-,-
2023-03-18,Shanuzi,61.0,38.0,38,346,226,38,-,-,-,-
2023-03-19,Shanuzi,463.0,87.0,88,232,146,88,-,-,-,-
2023-03-20,Shanuzi,413.0,77.0,78,22,136,78,-,-,-,-
2023-03-21,Shanuzi,413.0,212.0,212,-,22,136,78,-,-,-
2023-03-22,Shanuzi,318.0,318.0,318,-,-,-,-,248,58,14
2023-03-23,Shanuzi,164.0,34.0,34,94,-,-,-,27,4,4
2023-03-24,Shanuzi,23.0,33.0,34,132,40,-,-,-,-,34
2023-03-25,Shanuzi,88.0,0.0,0,88,-,-,-,-,-,-
2023-03-26,Shanuzi,88.0,0.0,0,88,-,-,-,-,-,-
2023-03-27,Shanuzi,39.0,3.0,4,10,28,4,-,-,-,-
2023-03-28,Shanuzi,58.0,2.0,2,56,-,2,-,-,-,-
2023-03-29,Shanuzi,235.0,0.0,0,218,18,-,-,-,-,-
2023-03-30,Shanuzi,184.0,0.0,0,162,22,-,-,-,-,-
2023-03-31,Shanuzi,245.0,3.0,4,226,18,4,-,-,-,-
2023-04-01,Shanuzi,175.0,0.0,0,162,14,-,-,-,-,-
2023-04-02,Shanuzi,72.0,0.0,0,8,2,-,-,-,-,-
2023-04-03,Shanuzi,31.0,2.0,2,-,30,2,-,-,-,-
2023-04-04,Shanuzi,62.0,5.0,6,58,-,6,-,-,-,-
2023-04-05,Shanuzi,165.0,0.0,0,142,24,-,-,-,-,-
2023-04-06,Shanuzi,117.0,0.0,0,12,16,-,-,-,-,-
2023-04-07,Shanuzi,89.0,0.0,0,90,-,-,-,-,-,-
2023-04-08,Shanuzi,0.0,0.0,0,-,-,-,-,-,-,-
2023-04-09,Shanuzi,0.0,0.0,0,-,-,-,-,-,-,-
2023-04-10,Shanuzi,0.0,0.0,0,-,-,-,-,-,-,-
2023-04-11,Shanuzi,45.0,0.0,0,46,-,-,-,-,-,-
2023-04-12,Shanuzi,141.0,0.0,0,128,14,-,-,-,-,-
2023-04-13,Shanuzi,22.0,1.0,2,188,14,2,-,-,-,-
2023-04-14,Shanuzi,476.0,31.0,32,42,44,32,-,-,-,-
2023-04-15,Shanuzi,62.0,56.0,56,358,190,44,14,-,-,-
2023-04-16,Shanuzi,453.0,17.0,18,218,220,8,10,-,-,-
2023-04-17,Shanuzi,272.0,97.0,98,-,176,88,-,9,-,-
2023-04-18,Shanuzi,166.0,29.0,30,138,-,26,-,3,-,-
2023-04-19,Shanuzi,195.0,0.0,0,178,18,-,-,-,-,-
2023-04-20,Shanuzi,16.0,8.0,8,152,-,8,-,-,-,-
2023-04-21,Shanuzi,137.0,0.0,0,126,12,-,-,-,-,-
2023-04-22,Shanuzi,145.0,0.0,0,136,2,-,-,-,-,-
2023-04-23,Shanuzi,183.0,0.0,0,168,16,-,-,-,-,-
2023-04-24,Shanuzi,81.0,14.0,14,-,68,14,-,-,-,-
2023-04-25,Shanuzi,79.0,0.0,0,80,-,-,-,-,-,-
2023-04-26,Shanuzi,126.0,0.0,0,118,8,-,-,-,-,-
2023-04-27,Shanuzi,97.0,3.0,4,88,6,4,-,-,-,-
2023-04-28,Shanuzi,141.0,0.0,0,136,6,-,-,-,-,-
2023-04-29,Shanuzi,63.0,0.0,0,64,-,-,-,-,-,-
2023-04-30,Shanuzi,0.0,0.0,0,-,-,-,-,-,-,-
2023-05-01,Shanuzi,0.0,0.0,0,-,-,-,-,-,-,-
2023-05-02,Shanuzi,0.0,0.0,0,-,-,-,-,-,-,-
2023-05-03,Shanuzi,21.0,0.0,0,22,-,-,-,-,-,-
2023-05-04,Shanuzi,13.0,0.0,0,14,-,-,-,-,-,-
2023-05-05,Shanuzi,133.0,0.0,0,132,2,-,-,-,-,-
2023-05-06,Shanuzi,0.0,0.0,0,-,-,-,-,-,-,-
2023-05-07,Shanuzi,0.0,0.0,0,-,-,-,-,-,-,-
2023-05-08,Shanuzi,216.0,30.0,30,-,186,28,2,-,-,-
2023-05-09,Shanuzi,27.0,19.0,20,188,-,14,6,-,-,-
2023-05-10,Shanuzi,193.0,1.0,2,162,22,-,2,-,-,-
2023-05-11,Shanuzi,14.0,7.0,8,92,6,8,-,-,-,-
2023-05-12,Shanuzi,7.0,0.0,0,8,-,-,-,-,-,-
2023-05-13,Shanuzi,79.0,0.0,0,80,-,-,-,-,-,-
2023-05-14,Shanuzi,133.0,0.0,0,124,10,-,-,-,-,-
2023-05-15,Shanuzi,76.0,9.0,10,-,68,10,-,-,-,-
2023-05-16,Shanuzi,39.0,0.0,0,40,-,-,-,-,-,-
2023-05-17,Shanuzi,45.0,0.0,0,46,-,-,-,-,-,-
2023-05-18,Shanuzi,55.0,0.0,0,56,-,-,-,-,-,-
2023-05-19,Shanuzi,29.0,0.0,0,30,-,-,-,-,-,-
2023-05-20,Shanuzi,37.0,0.0,0,26,12,-,-,-,-,-
2023-05-21,Shanuzi,66.0,0.0,0,58,8,-,-,-,-,-
2023-05-22,Shanuzi,49.0,8.0,8,-,42,8,-,-,-,-
2023-05-23,Shanuzi,84.0,0.0,0,84,-,-,-,-,-,-
2023-05-24,Shanuzi,22.0,0.0,0,22,-,-,-,-,-,-
2023-05-25,Shanuzi,315.0,0.0,0,248,68,-,-,-,-,-
2023-05-26,Shanuzi,366.0,6.0,6,262,100,6,-,-,-,-
2023-05-27,Shanuzi,33.0,67.0,68,138,100,68,-,-,-,-
2023-05-28,Shanuzi,295.0,100.0,100,114,82,68,34,-,-,-
2023-05-29,Shanuzi,133.0,4.0,4,-,112,2,-,2,-,-
2023-05-30,Shanuzi,137.0,0.0,0,138,-,-,-,-,-,-
2023-05-31,Shanuzi,127.0,0.0,0,122,6,-,-,-,-,-
2023-06-01,Shanuzi,126.0,0.0,0,126,-,-,-,-,-,-
2023-06-02,Shanuzi,117.0,0.0,0,112,6,-,-,-,-,-
2023-06-03,Shanuzi,87.0,4.0,4,72,12,4,-,-,-,-
2023-06-04,Shanuzi,67.0,6.0,6,50,12,6,-,-,-,-
2023-06-05,Shanuzi,67.0,18.0,18,-,50,12,6,-,-,-
2023-06-06,Shanuzi,23.0,0.0,0,24,-,-,-,-,-,-
2023-06-07,Shanuzi,9.0,0.0,0,10,-,-,-,-,-,-
2023-06-08,Shanuzi,11.0,0.0,0,98,4,-,-,-,-,-
2023-06-09,Shanuzi,135.0,0.0,0,132,4,-,-,-,-,-
2023-06-10,Shanuzi,156.0,0.0,0,112,46,-,-,-,-,-
2023-06-11,Shanuzi,19.0,2.0,2,10,18,2,-,-,-,-
2023-06-12,Shanuzi,12.0,22.0,22,-,8,20,4,-,-,-
2023-06-13,Shanuzi,14.0,2.0,2,138,-,2,-,-,-,-
2023-06-14,Shanuzi,165.0,0.0,0,152,14,-,-,-,-,-
2023-06-15,Shanuzi,182.0,0.0,0,16,22,-,-,-,-,-
2023-06-16,Shanuzi,138.0,0.0,0,134,4,-,-,-,-,-
2023-06-17,Shanuzi,136.0,0.0,0,122,14,-,-,-,-,-
2023-06-18,Shanuzi,134.0,14.0,14,84,38,14,-,-,-,-
2023-06-19,Shanuzi,112.0,6.0,6,-,80,4,4,-,-,-
2023-06-20,Shanuzi,59.0,3.0,4,56,-,4,-,-,-,-
2023-06-21,Shanuzi,54.0,0.0,0,54,-,-,-,-,-,-
2023-06-22,Shanuzi,83.0,0.0,0,84,-,-,-,-,-,-
2023-06-23,Shanuzi,116.0,0.0,0,98,20,-,-,-,-,-
2023-06-24,Shanuzi,243.0,0.0,0,172,72,-,-,-,-,-
2023-06-25,Shanuzi,171.0,0.0,0,136,36,-,-,-,-,-
2023-06-26,Shanuzi,171.0,35.0,36,-,136,36,-,-,-,-
2023-06-27,Shanuzi,185.0,11.0,12,174,-,12,-,-,-,-
2023-06-28,Shanuzi,129.0,0.0,0,122,8,-,-,-,-,-
2023-06-29,Shanuzi,84.0,2.0,2,76,8,2,-,-,-,-
2023-06-30,Shanuzi,17.0,0.0,0,18,-,-,-,-,-,-
2023-07-01,Shanuzi,0.0,0.0,0,-,-,-,-,-,-,-
2023-07-02,Shanuzi,0.0,0.0,0,-,-,-,-,-,-,-
2023-07-03,Shanuzi,18.0,0.0,0,18,-,-,-,-,-,-
2023-07-04,Shanuzi,51.0,0.0,0,52,-,-,-,-,-,-
2023-07-05,Shanuzi,8.0,0.0,0,78,4,-,-,-,-,-
2023-07-06,Shanuzi,7.0,0.0,0,66,6,-,-,-,-,-
2023-07-07,Shanuzi,135.0,0.0,0,122,14,-,-,-,-,-
2023-07-08,Shanuzi,252.0,0.0,0,28,46,-,-,-,-,-
2023-07-09,Shanuzi,8.0,18.0,18,-,62,18,-,-,-,-
2023-07-10,Shanuzi,63.0,3.0,4,6,-,4,-,-,-,-
2023-07-11,Shanuzi,93.0,0.0,0,92,2,-,-,-,-,-
2023-07-12,Shanuzi,6.0,0.0,0,58,2,-,-,-,-,-
2023-07-13,Shanuzi,72.0,0.0,0,72,-,-,-,-,-,-
2023-07-14,Shanuzi,55.0,0.0,0,56,-,-,-,-,-,-
2023-07-15,Shanuzi,32.0,0.0,0,4,2,-,-,-,-,-
2023-07-16,Shanuzi,2.0,2.0,2,-,18,2,-,-,-,-
2023-07-17,Shanuzi,42.0,0.0,0,42,-,-,-,-,-,-
2023-07-18,Shanuzi,21.0,0.0,0,18,4,-,-,-,-,-
2023-07-19,Shanuzi,27.0,0.0,0,28,-,-,-,-,-,-
2023-07-20,Shanuzi,68.0,0.0,0,68,-,-,-,-,-,-
2023-07-21,Shanuzi,85.0,5.0,6,46,36,6,-,-,-,-
2023-07-22,Shanuzi,89.0,16.0,16,62,12,16,-,-,-,-
2023-07-23,Shanuzi,8.0,8.0,8,-,72,8,-,-,-,-
2023-07-24,Shanuzi,6.0,4.0,4,56,-,4,-,-,-,-
2023-07-25,Shanuzi,87.0,0.0,0,84,4,-,-,-,-,-
2023-07-26,Shanuzi,196.0,3.0,4,156,38,4,-,-,-,-
2023-07-27,Shanuzi,179.0,0.0,0,112,68,-,-,-,-,-
2023-07-28,Shanuzi,96.0,14.0,14,56,28,14,-,-,-,-
2023-07-29,Shanuzi,48.0,1.0,2,-,38,2,-,-,-,-
2023-07-30,Shanuzi,48.0,39.0,40,-,-,38,2,-,-,-
2023-07-31,Shanuzi,5.0,0.0,0,6,-,-,-,-,-,-
2023-08-01,Shanuzi,193.0,0.0,0,194,-,-,-,-,-,-
2023-08-02,Shanuzi,19.0,0.0,0,180,12,-,-,-,-,-
2023-08-03,Shanuzi,279.0,5.0,6,240,36,6,-,-,-,-
2023-08-04,Shanuzi,294.0,19.0,20,144,132,20,-,-,-,-
2023-08-05,Shanuzi,283.0,19.0,20,-,166,12,8,-,-,-
2023-08-06,Shanuzi,283.0,184.0,184,-,-,166,12,8,-,-
2023-08-07,Shanuzi,211.0,100.0,100,112,-,-,86,15,-,-
2023-08-08,Shanuzi,252.0,19.0,20,22,24,-,-,19,-,-
2023-08-09,Shanuzi,281.0,7.0,8,196,80,8,-,-,-,-
2023-08-10,Shanuzi,343.0,11.0,12,294,40,12,-,-,-,-
2023-08-11,Shanuzi,256.0,26.0,26,188,42,26,-,-,-,-
2023-08-12,Shanuzi,228.0,0.0,0,190,40,-,-,-,-,-
2023-08-13,Shanuzi,228.0,39.0,40,-,190,40,-,-,-,-
2023-08-14,Shanuzi,149.0,18.0,18,132,-,8,12,-,-,-
2023-08-15,Shanuzi,21.0,0.0,0,178,24,-,-,-,-,-
2023-08-16,Shanuzi,2.0,0.0,0,188,14,-,-,-,-,-
2023-08-17,Shanuzi,243.0,0.0,0,26,38,-,-,-,-,-
2023-08-18,Shanuzi,367.0,43.0,44,22,122,44,-,-,-,-
2023-08-19,Shanuzi,399.0,35.0,36,244,122,36,-,-,-,-
2023-08-20,Shanuzi,245.0,75.0,76,-,18,74,2,-,-,-
2023-08-21,Shanuzi,222.0,5.0,6,218,-,6,-,-,-,-
2023-08-22,Shanuzi,163.0,0.0,0,16,14,-,-,-,-,-
2023-08-23,Shanuzi,117.0,4.0,4,112,2,4,-,-,-,-
2023-08-24,Shanuzi,143.0,0.0,0,138,6,-,-,-,-,-
2023-08-25,Shanuzi,92.0,0.0,0,92,-,-,-,-,-,-
2023-08-26,Shanuzi,143.0,0.0,0,18,36,-,-,-,-,-
2023-08-27,Shanuzi,115.0,8.0,8,-,18,8,-,-,-,-
2023-08-28,Shanuzi,161.0,0.0,0,162,-,-,-,-,-,-
2023-08-29,Shanuzi,112.0,0.0,0,2,12,-,-,-,-,-
2023-08-30,Shanuzi,51.0,0.0,0,52,-,-,-,-,-,-
2023-08-31,Shanuzi,55.0,0.0,0,56,-,-,-,-,-,-
2023-09-01,Shanuzi,55.0,0.0,0,56,-,-,-,-,-,-
2023-09-02,Shanuzi,0.0,0.0,0,-,-,-,-,-,-,-
2023-09-05,Shanuzi,12.0,0.0,0,12,-,-,-,-,-,-
2023-09-06,Shanuzi,26.0,0.0,0,22,4,-,-,-,-,-
2023-09-07,Shanuzi,77.0,0.0,0,78,-,-,-,-,-,-
2023-09-08,Shanuzi,156.0,0.0,0,148,8,-,-,-,-,-
2023-09-09,Shanuzi,169.0,0.0,0,118,52,-,-,-,-,-
2023-09-10,Shanuzi,98.0,0.0,0,78,22,-,-,-,-,-
2023-09-11,Shanuzi,185.0,7.0,8,146,32,8,-,-,-,-
2023-09-12,Shanuzi,172.0,16.0,16,156,-,16,-,-,-,-
2023-09-13,Shanuzi,11.0,0.0,0,14,8,-,-,-,-,-
2023-09-14,Shanuzi,132.0,0.0,0,120,14,-,-,-,-,-
2023-09-15,Shanuzi,125.0,0.0,0,112,14,-,-,-,-,-
2023-09-16,Shanuzi,156.0,0.0,0,140,18,-,-,-,-,-
2023-09-17,Shanuzi,279.0,37.0,38,98,144,38,-,-,-,-
2023-09-18,Shanuzi,245.0,26.0,26,84,136,22,4,-,-,-
2023-09-19,Shanuzi,335.0,16.0,16,30,30,12,6,-,-,-
2023-09-20,Shanuzi,3.0,17.0,18,164,120,18,-,-,-,-
2023-09-21,Shanuzi,382.0,18.0,18,340,26,18,-,-,-,-
2023-09-22,Shanuzi,48.0,3.0,4,314,164,4,-,-,-,-
2023-09-23,Shanuzi,544.0,111.0,112,222,212,46,66,-,-,-
2023-09-24,Shanuzi,626.0,51.0,52,288,288,18,34,-,-,-
2023-09-25,Shanuzi,432.0,61.0,62,62,22,12,34,16,-,-
2023-09-26,Shanuzi,614.0,94.0,94,348,48,14,76,4,-,-
2023-09-27,Shanuzi,98.0,131.0,132,644,26,38,88,6,-,-
2023-09-28,Shanuzi,997.0,43.0,44,722,234,44,-,-,-,-
2023-09-29,Shanuzi,137.0,79.0,80,64,318,78,2,-,-,-
2023-09-30,Shanuzi,642.0,83.0,84,352,28,84,-,-,-,-
2023-10-01,Shanuzi,462.0,198.0,198,30,236,152,48,-,-,-
2023-10-02,Shanuzi,462.0,433.0,434,-,30,236,152,47,-,-
2023-10-03,Shanuzi,324.0,95.0,96,140,-,20,16,19,42,-
2023-10-04,Shanuzi,352.0,108.0,108,244,-,82,4,24,-,-
2023-10-05,Shanuzi,388.0,11.0,12,286,92,12,-,-,-,-
2023-10-06,Shanuzi,521.0,26.0,26,416,8,14,12,-,-,-
2023-10-07,Shanuzi,681.0,12.0,12,354,316,12,-,-,-,-
2023-10-08,Shanuzi,659.0,154.0,154,352,154,134,22,-,-,-
2023-10-09,Shanuzi,461.0,24.0,24,12,218,12,14,-,-,-
2023-10-10,Shanuzi,479.0,87.0,88,356,36,78,8,3,-,-
2023-10-11,Shanuzi,547.0,0.0,0,434,114,-,-,-,-,-
2023-10-12,Shanuzi,599.0,6.0,6,424,18,6,-,-,-,-
2023-10-13,Shanuzi,812.0,5.0,6,62,198,6,-,-,-,-
2023-10-14,Shanuzi,793.0,45.0,46,576,172,46,-,-,-,-
2023-10-15,Shanuzi,739.0,87.0,88,456,198,88,-,-,-,-
2023-10-16,Shanuzi,49.0,96.0,96,46,322,94,4,-,-,-
2023-10-17,Shanuzi,529.0,94.0,94,412,24,82,14,-,-,-
2023-10-18,Shanuzi,461.0,16.0,16,240,26,-,16,-,-,-
2023-10-19,Shanuzi,465.0,35.0,36,362,70,36,-,-,-,-
2023-10-20,Shanuzi,49.0,21.0,22,268,12,22,-,-,-,-
2023-10-21,Shanuzi,38.0,17.0,18,262,12,18,-,-,-,-
2023-10-22,Shanuzi,462.0,32.0,32,298,132,32,-,-,-,-
2023-10-23,Shanuzi,46.0,115.0,116,36,256,98,18,-,-,-
2023-10-24,Shanuzi,377.0,1.0,2,254,24,2,-,-,-,-
2023-10-25,Shanuzi,491.0,0.0,0,344,148,-,-,-,-,-
2023-10-26,Shanuzi,568.0,54.0,54,384,14,54,-,-,-,-
2023-10-27,Shanuzi,685.0,87.0,88,388,212,88,-,-,-,-
2023-10-28,Shanuzi,599.0,99.0,100,344,158,56,44,-,-,-
2023-10-29,Shanuzi,595.0,143.0,144,344,18,126,18,-,-,-
2023-10-30,Shanuzi,49.0,173.0,174,26,212,158,12,4,-,-
2023-10-31,Shanuzi,495.0,10.0,10,382,14,6,4,-,-,-
2023-11-01,Shanuzi,533.0,13.0,14,446,76,-,14,-,-,-
2023-11-02,Shanuzi,423.0,14.0,14,312,98,14,-,-,-,-
2023-11-03,Shanuzi,468.0,13.0,14,300,156,-,14,-,-,-
2023-11-04,Shanuzi,536.0,53.0,54,32,182,54,-,-,-,-
2023-11-05,Shanuzi,281.0,30.0,30,-,162,12,20,-,-,-
2023-11-06,Shanuzi,281.0,191.0,192,-,-,162,12,19,-,-
2023-11-07,Shanuzi,23.0,126.0,126,14,-,-,80,47,-,-
2023-11-08,Shanuzi,347.0,1.0,2,288,6,-,-,1,-,-
2023-11-09,Shanuzi,371.0,0.0,0,340,32,-,-,-,-,-
2023-11-10,Shanuzi,326.0,0.0,0,266,62,-,-,-,-,-
2023-11-11,Shanuzi,43.0,11.0,12,394,26,12,-,-,-,-
2023-11-12,Shanuzi,674.0,66.0,66,376,232,66,-,-,-,-
2023-11-13,Shanuzi,429.0,27.0,28,158,246,28,-,-,-,-
2023-11-14,Shanuzi,519.0,41.0,42,440,40,28,14,-,-,-
2023-11-15,Shanuzi,687.0,0.0,0,528,160,-,-,-,-,-
2023-11-16,Shanuzi,61.0,35.0,36,376,192,36,-,-,-,-
2023-11-17,Shanuzi,671.0,42.0,42,522,18,42,-,-,-,-
2023-11-18,Shanuzi,667.0,0.0,0,6,168,-,-,-,-,-
2023-11-19,Shanuzi,693.0,67.0,68,280,348,68,0,0,0,0
2023-11-20,Shanuzi,556.0,197.0,198,58,302,184,14,0,0,0
2023-11-21,Shanuzi,446.0,138.0,138,288,20,130,8,0,0,0
2023-11-22,Shanuzi,396.0,0.0,-,242,156,0,0,0,0,0
2023-11-23,Shanuzi,389.0,7.0,8,290,94,8,0,0,0,0
2023-11-24,Shanuzi,389.0,15.0,16,296,80,8,8,0,0,0
2023-11-25,Shanuzi,375.0,66.0,66,208,102,52,8,7,0,0
2023-11-26,Shanuzi,378.0,0.0,-,320,58,0,0,0,0,0
2023-11-27,Shanuzi,240.0,50.0,50,8,182,50,0,0,0,0
2023-11-28,Shanuzi,213.0,111.0,112,100,4,112,0,0,0,0
2023-11-29,Shanuzi,214.0,9.0,10,174,32,0,10,0,0,0
2023-11-30,Shanuzi,422.0,2.0,2,368,54,0,0,2,0,0
2023-12-01,Shanuzi,415.0,0.0,0,380,36,0,0,0,0,0
2023-12-02,Shanuzi,288.0,0.0,0,212,78,0,0,0,0,0
2023-12-03,Shanuzi,213.0,101.0,102,0,112,98,4,0,0,0
2023-12-04,Shanuzi,213.0,213.0,214,0,0,112,98,4,0,0
2023-12-05,Shanuzi,249.0,167.0,168,82,0,0,116,51,0,0
2023-12-06,Shanuzi,259.0,0.0,0,234,26,0,0,0,0,0
2023-12-07,Shanuzi,258.0,0.0,0,246,12,0,0,0,0,0
2023-12-08,Shanuzi,469.0,0.0,0,422,48,0,0,0,0,0
2023-12-09,Shanuzi,607.0,34.0,34,376,198,34,0,0,0,0
2023-12-10,Shanuzi,840.0,156.0,156,478,206,156,0,0,0,0
2023-12-11,Shanuzi,483.0,165.0,166,104,216,112,54,0,0,0
2023-12-12,Shanuzi,649.0,74.0,74,532,44,74,0,0,0,0
2023-12-13,Shanuzi,659.0,16.0,16,536,108,12,6,0,0,0
2023-12-14,Shanuzi,802.0,14.0,14,608,180,12,4,0,0,0
2023-12-15,Shanuzi,868.0,111.0,112,620,138,112,0,0,0,0
2023-12-16,Shanuzi,636.0,71.0,72,398,168,50,22,0,0,0
2023-12-17,Shanuzi,872.0,122.0,122,516,234,90,34,0,0,0
2023-12-18,Shanuzi,565.0,91.0,92,122,352,70,6,15,0,0
2023-12-19,Shanuzi,689.0,100.0,100,556,34,82,20,0,0,0
2023-12-20,Shanuzi,822.0,8.0,8,570,244,6,2,0,0,0
2023-12-21,Shanuzi,816.0,50.0,50,606,162,46,4,2,0,0
2023-12-22,Shanuzi,709.0,103.0,104,462,144,94,6,3,2,0
2023-12-23,Shanuzi,669.0,59.0,60,488,122,60,0,0,0,0
2023-12-24,Shanuzi,447.0,157.0,158,0,290,140,14,5,0,0
2023-12-25,Shanuzi,447.0,447.0,448,0,0,290,140,13,6,0
2023-12-26,Shanuzi,447.0,447.0,448,0,0,0,290,139,14,6
2023-12-27,Shanuzi,394.0,162.0,162,232,0,0,0,133,24,6
2023-12-28,Shanuzi,510.0,122.0,122,222,168,0,0,0,102,22
2023-12-29,Shanuzi,406.0,107.0,108,210,90,0,0,0,86,22
2023-12-30,Shanuzi,390.0,32.0,32,252,108,26,8,0,0,0
2023-12-31,Shanuzi,132.0,18.0,18,44,72,18,0,0,0,0
2024-01-01,Shanuzi,132.0,89.0,90,0,44,72,18,0,0,0
2024-01-02,Shanuzi,132.0,132.0,132,0,0,44,72,18,0,0
2024-01-03,Shanuzi,69.0,0.0,-,70,0,0,0,0,0,0
2024-01-04,Shanuzi,43.0,0.0,-,42,2,0,0,0,0,0
2024-01-05,Shanuzi,28.0,0.0,-,28,0,0,0,0,0,0
2024-01-06,Shanuzi,32.0,0.0,-,26,6,0,0,0,0,0
2024-01-07,Shanuzi,135.0,1.0,2,134,0,2,0,0,0,0
2024-01-08,Shanuzi,48.0,4.0,4,0,44,2,2,0,0,0
2024-01-09,Shanuzi,145.0,0.0,-,146,0,0,0,0,0,0
2024-01-10,Shanuzi,180.0,0.0,-,174,6,0,0,0,0,0
2024-01-11,Shanuzi,265.0,0.0,-,246,20,0,0,0,0,0
2024-01-12,Shanuzi,246.0,0.0,-,220,26,0,0,0,0,0
2024-01-13,Shanuzi,210.0,0.0,-,140,70,0,0,0,0,0
2024-01-14,Shanuzi,243.0,5.0,6,210,28,6,0,0,0,0
2024-01-15,Shanuzi,208.0,33.0,34,0,176,28,6,0,0,0
2024-01-16,Shanuzi,271.0,42.0,42,230,0,42,0,0,0,0
2024-01-17,Shanuzi,267.0,0.0,-,256,12,0,0,0,0,0
2024-01-18,Shanuzi,353.0,8.0,8,230,116,8,0,0,0,0
2024-01-19,Shanuzi,345.0,0.0,-,298,48,0,0,0,0,0
2024-01-20,Shanuzi,341.0,0.0,-,274,68,0,0,0,0,0
2024-01-21,Shanuzi,438.0,21.0,22,306,112,22,0,0,0,0
2024-01-22,Shanuzi,287.0,26.0,26,0,262,22,6,0,0,0
2024-01-23,Shanuzi,287.0,63.0,64,224,0,60,4,0,0,0
2024-01-24,Shanuzi,222.0,0.0,-,198,24,0,0,0,0,0
2024-01-25,Shanuzi,192.0,3.0,4,190,0,4,0,0,0,0
2024-01-26,Shanuzi,135.0,0.0,-,110,26,0,0,0,0,0
2024-01-27,Shanuzi,51.0,0.0,-,40,12,0,0,0,0,0
2024-01-28,Shanuzi,41.0,0.0,-,24,18,0,0,0,0,0
2024-01-29,Shanuzi,41.0,18.0,18,0,24,18,0,0,0,0
2024-01-30,Shanuzi,87.0,0.0,-,58,30,0,0,0,0,0
2024-01-31,Shanuzi,90.0,0.0,-,90,0,0,0,0,0,0
2024-02-01,Shanuzi,78.0,0.0,0,78,0,0,0,0,0,0
2024-02-02,Shanuzi,85.0,0.0,0,86,0,0,0,0,0,0
2024-02-03,Shanuzi,18.0,0.0,0,18,0,0,0,0,0,0
2024-02-05,Shanuzi,3.0,0.0,0,0,4,0,0,0,0,0
2024-02-06,Shanuzi,44.0,1.0,2,44,0,0,2,0,0,0
2024-02-07,Shanuzi,27.0,0.0,0,28,0,0,0,0,0,0
2024-02-08,Shanuzi,110.0,0.0,0,110,0,0,0,0,0,0
2024-02-09,Shanuzi,200.0,0.0,0,138,64,0,0,0,0,0
2024-02-10,Shanuzi,138.0,0.0,0,136,4,0,0,0,0,0
2024-02-11,Shanuzi,79.0,4.0,4,60,16,4,0,0,0,0
2024-02-12,Shanuzi,68.0,19.0,20,0,50,16,4,0,0,0
2024-02-13,Shanuzi,74.0,3.0,4,72,0,2,2,0,0,0
2024-02-14,Shanuzi,81.0,0.0,0,82,0,0,0,0,0,0
2024-02-15,Shanuzi,118.0,0.0,0,114,4,0,0,0,0,0
2024-02-16,Shanuzi,199.0,0.0,0,154,46,0,0,0,0,0
2024-02-17,Shanuzi,240.0,2.0,2,194,44,2,0,0,0,0
2024-02-18,Shanuzi,237.0,0.0,0,214,24,0,0,0,0,0
2024-02-19,Shanuzi,224.0,21.0,22,0,204,22,0,0,0,0
2024-02-20,Shanuzi,227.0,105.0,106,122,0,100,6,0,0,0
2024-02-21,Shanuzi,185.0,0.0,0,168,18,0,0,0,0,0
2024-02-22,Shanuzi,121.0,6.0,6,78,38,6,0,0,0,0
2024-02-23,Shanuzi,100.0,0.0,0,100,0,0,0,0,0,0
2024-02-24,Shanuzi,118.0,0.0,0,84,36,0,0,0,0,0
2024-02-25,Shanuzi,107.0,15.0,16,68,26,16,0,0,0,0
2024-02-26,Shanuzi,74.0,16.0,16,0,58,16,2,0,0,0
2024-02-27,Shanuzi,41.0,0.0,0,42,0,0,0,0,0,0
2024-02-28,Shanuzi,12.0,0.0,0,12,0,0,0,0,0,0
2024-02-29,Shanuzi,54.0,0.0,0,54,0,0,0,0,0,0
2024-03-01,Shanuzi,120.0,0.0,-,116,6,0,0,0,0,0
2024-03-02,Shanuzi,78.0,0.0,-,72,8,0,0,0,0,0
2024-03-03,Shanuzi,78.0,7.0,8,0,72,8,0,0,0,0
2024-03-04,Shanuzi,78.0,78.0,78,0,0,72,8,0,0,0
2024-03-05,Shanuzi,0.0,0.0,-,0,0,0,0,0,0,0
2024-03-06,Shanuzi,146.0,0.0,-,146,0,0,0,0,0,0
2024-03-07,Shanuzi,198.0,0.0,-,160,38,0,0,0,0,0
2024-03-08,Shanuzi,223.0,0.0,-,202,22,0,0,0,0,0
2024-03-09,Shanuzi,201.0,0.0,-,194,8,0,0,0,0,0
2024-03-10,Shanuzi,126.0,0.0,0,118,10,0,0,0,0,0
2024-03-11,Shanuzi,107.0,9.0,10,0,98,10,0,0,0,0
2024-03-12,Shanuzi,81.0,0.0,0,82,0,0,0,0,0,0
2024-03-13,Shanuzi,108.0,0.0,0,84,26,0,0,0,0,0
2024-03-14,Shanuzi,121.0,0.0,0,122,0,0,0,0,0,0
2024-03-15,Shanuzi,173.0,0.0,0,166,8,0,0,0,0,0
2024-03-16,Shanuzi,209.0,0.0,-,210,0,0,0,0,0,0
2024-03-17,Shanuzi,316.0,51.0,52,212,54,52,0,0,0,0
2024-03-18,Shanuzi,270.0,74.0,74,20,176,46,28,0,0,0
2024-03-19,Shanuzi,342.0,62.0,62,266,14,44,18,0,0,0
2024-03-20,Shanuzi,421.0,18.0,18,306,98,0,18,1,0,0
2024-03-21,Shanuzi,459.0,29.0,30,274,158,24,0,5,0,0
2024-03-22,Shanuzi,473.0,63.0,64,240,172,64,0,0,0,0
2024-03-23,Shanuzi,468.0,18.0,18,330,122,18,0,0,0,0
2024-03-24,Shanuzi,403.0,130.0,130,152,122,112,20,0,0,0
2024-03-25,Shanuzi,403.0,251.0,252,0,152,122,112,19,0,0
2024-03-26,Shanuzi,384.0,206.0,206,178,0,116,68,15,8,0
2024-03-27,Shanuzi,337.0,11.0,12,232,96,0,12,0,0,0
2024-03-28,Shanuzi,314.0,0.0,0,242,74,0,0,0,0,0
2024-03-29,Shanuzi,161.0,23.0,24,82,58,24,0,0,0,0
2024-03-30,Shanuzi,161.0,80.0,80,0,82,58,24,0,0,0
2024-03-31,Shanuzi,0.0,0.0,-,-,-,-,-,-,-,-
2024-04-01,Shanuzi,161.0,161.0,162,0,0,0,82,57,24,0
2024-04-02,Shanuzi,22.0,0.0,0,22,0,0,0,0,0,0
2024-04-03,Shanuzi,62.0,0.0,0,62,2,0,0,0,0,0
2024-04-04,Shanuzi,66.0,0.0,0,66,2,0,0,0,0,0
2024-04-05,Shanuzi,157.0,1.0,2,156,0,2,0,0,0,0
2024-04-06,Shanuzi,208.0,0.0,0,142,66,0,0,0,0,0
2024-04-07,Shanuzi,171.0,21.0,22,98,54,22,0,0,0,0
2024-04-08,Shanuzi,125.0,5.0,6,0,120,4,2,0,0,0
2024-04-09,Shanuzi,138.0,2.0,2,136,0,2,0,0,0,0
2024-04-10,Shanuzi,119.0,0.0,0,92,28,0,0,0,0,0
2024-04-11,Shanuzi,123.0,0.0,0,124,0,0,0,0,0,0
2024-04-12,Shanuzi,164.0,0.0,0,158,6,0,0,0,0,0
2024-04-13,Shanuzi,155.0,0.0,0,138,18,0,0,0,0,0
2024-04-14,Shanuzi,45.0,0.0,0,12,34,0,0,0,0,0
2024-04-15,Shanuzi,20.0,4.0,4,0,16,4,0,0,0,0
2024-04-16,Shanuzi,117.0,4.0,4,114,0,4,2,0,0,0
2024-04-17,Shanuzi,129.0,0.0,0,124,6,0,0,0,0,0
2024-04-18,Shanuzi,61.0,0.0,0,58,4,0,0,0,0,0
2024-04-19,Shanuzi,71.0,0.0,0,70,2,0,0,0,0,0
2024-04-20,Shanuzi,78.0,0.0,0,66,12,0,0,0,0,0
2024-04-21,Shanuzi,41.0,2.0,2,28,12,2,2,0,0,0
2024-04-22,Shanuzi,41.0,14.0,14,0,28,12,2,1,0,0
2024-04-23,Shanuzi,45.0,1.0,2,44,0,0,2,0,0,0
2024-04-24,Shanuzi,128.0,0.0,0,126,2,0,0,0,0,0
2024-04-25,Shanuzi,149.0,2.0,2,144,4,2,0,0,0,0
2024-04-26,Shanuzi,169.0,3.0,4,128,38,4,0,0,0,0
2024-04-27,Shanuzi,133.0,0.0,0,128,6,0,0,0,0,0
2024-04-28,Shanuzi,46.0,0.0,0,42,6,0,0,0,0,0
2024-04-29,Shanuzi,46.0,5.0,6,0,42,6,0,0,0,0
2024-04-30,Shanuzi,83.0,0.0,0,84,0,0,0,0,0,0
2024-05-01,Shanuzi,18.0,0.0,0,18,0,0,0,0,0,0
2024-05-02,Shanuzi,18.0,0.0,0,18,0,0,0,0,0,0
2024-05-03,Shanuzi,24.0,0.0,0,24,0,0,0,0,0,0
2024-05-04,Shanuzi,200.0,21.0,22,118,62,22,0,0,0,0
2024-05-05,Shanuzi,91.0,19.0,20,0,72,18,2,0,0,0
2024-05-06,Shanuzi,91.0,91.0,92,0,0,72,18,1,0,0
2024-05-07,Shanuzi,21.0,0.0,0,22,0,0,0,0,0,0
2024-05-08,Shanuzi,67.0,0.0,0,68,0,0,0,0,0,0
2024-05-09,Shanuzi,102.0,0.0,0,100,4,0,0,0,0,0
2024-05-10,Shanuzi,94.0,2.0,2,74,20,2,0,0,0,0
2024-05-11,Shanuzi,74.0,0.0,0,54,22,0,0,0,0,0
2024-05-12,Shanuzi,158.0,0.0,0,132,28,0,0,0,0,0
2024-05-13,Shanuzi,69.0,2.0,2,0,68,2,0,0,0,0
2024-05-14,Shanuzi,70.0,4.0,4,66,0,4,0,0,0,0
2024-05-15,Shanuzi,27.0,0.0,0,28,0,0,0,0,0,0
2024-05-16,Shanuzi,31.0,0.0,0,32,0,0,0,0,0,0
2024-05-17,Shanuzi,23.0,0.0,0,24,0,0,0,0,0,0
2024-05-18,Shanuzi,88.0,0.0,0,64,26,0,0,0,0,0
2024-05-19,Shanuzi,92.0,0.0,0,82,10,0,0,0,0,0
2024-05-20,Shanuzi,92.0,10.0,10,0,82,10,0,0,0,0
2024-05-21,Shanuzi,85.0,0.0,0,86,0,0,0,0,0,0
2024-05-22,Shanuzi,92.0,0.0,0,92,2,0,0,0,0,0
2024-05-23,Shanuzi,120.0,0.0,0,118,2,0,0,0,0,0
2024-05-24,Shanuzi,103.0,0.0,0,102,2,0,0,0,0,0
2024-05-25,Shanuzi,89.0,0.0,0,84,6,0,0,0,0,0
2024-05-26,Shanuzi,4.0,0.0,0,4,0,0,0,0,0,0
2024-05-27,Shanuzi,4.0,0.0,0,0,4,0,0,0,0,0
2024-05-28,Shanuzi,92.0,0.0,0,92,0,0,0,0,0,0
2024-05-29,Shanuzi,189.0,0.0,0,186,4,0,0,0,0,0
2024-05-30,Shanuzi,197.0,0.0,0,136,62,0,0,0,0,0
2024-05-31,Shanuzi,218.0,0.0,0,182,38,0,0,0,0,0
